complex_id,split,dG,dG_pred
1AK4__A__D,train,-6.709835052490234,-5.826016426086426
1BD2__ABC__DE,train,-7.89567756652832,-6.68894100189209
1CSO__E__I,train,-10.038557052612305,-10.126066207885742
1EMV__A__B,train,-18.735225677490234,-16.885530471801758
1HE8__A__B,train,-7.891330718994141,-6.993801116943359
1MI5__ABC__DE,train,-6.6856608390808105,-7.918206214904785
1N8Z__AB__C,train,-12.112139701843262,-12.218276023864746
1REW__AB__C,train,-12.511860847473145,-11.657898902893066
1SMF__E__I,train,-8.946138381958008,-10.682353019714355
1WQJ__I__B,train,-11.233111381530762,-9.10161304473877
1YY9__CD__A,train,-12.112139701843262,-12.10286808013916
2AJF__A__E,train,-10.622798919677734,-9.495597839355469
2B0Z__A__B,train,-5.454242706298828,-6.4972758293151855
2BTF__A__P,train,-7.688126087188721,-8.531301498413086
2DVW__A__B,train,-9.779436111450195,-10.492579460144043
2J0T__A__D,train,-12.814661026000977,-11.599200248718262
2KSO__A__B,train,-7.205049991607666,-8.325257301330566
2O3B__A__B,train,-15.673925399780273,-12.610371589660645
2REX__A__B,train,-7.171834468841553,-7.82664680480957
3BE1__HL__A,train,-10.342643737792969,-11.19039249420166
3BP8__A__C,train,-11.430728912353516,-11.007646560668945
3EG5__A__B,train,-7.914167404174805,-7.861861228942871
3G6D__HL__A,train,-14.63807201385498,-12.218952178955078
3HH2__AB__C,train,-11.182096481323242,-11.415101051330566
3L5X__A__HL,train,-12.439257621765137,-12.15107250213623
3M63__A__B,train,-9.21352767944336,-10.131078720092773
3Q3J__A__B,train,-7.029021739959717,-7.1143388748168945
3QHY__A__B,train,-17.07570457458496,-15.980029106140137
3S9D__A__B,train,-10.908485412597656,-10.551405906677246
3U82__A__B,train,-10.776342391967773,-9.696916580200195
4HFK__A__BD,train,-13.049612998962402,-12.437867164611816
4J2L__A__CD,train,-9.617270469665527,-9.718453407287598
4JPK__HL__A,train,-10.036506652832031,-11.061078071594238
4KRP__A__B,train,-9.244793891906738,-9.248514175415039
4NZW__A__B,train,-8.587118148803711,-9.15354061126709
5XCO__A__B,train,-10.977495193481445,-8.879120826721191
3ETB__II__M,train,-14.264473915100098,-12.822457313537598
1JPS__HL__T,train,-13.642470359802246,-13.1465425491333
2HKF__HL__P,train,-8.879390716552734,-9.20280933380127
3MAC__HL__A,train,-9.23100757598877,-10.18610954284668
3T2N__HL__A,train,-10.501916885375977,-11.468297004699707
2A6I__AB__P,train,-9.441706657409668,-9.169376373291016
1NBY__AB__C,train,-5.513517379760742,-8.38333511352539
1P4B__HL__P,train,-13.947468757629395,-12.264067649841309
2HFG__HL__R,train,-12.580879211425781,-11.47048282623291
3EYS__HL__Q,train,-7.408215522766113,-9.236893653869629
1CZ8__XY__V,train,-14.1328125,-14.06772518157959
2XRA__HL__A,train,-11.570841789245605,-11.312002182006836
2UZI__HL__R,train,-11.197205543518066,-10.939373016357422
3MJ9__HL__A,train,-11.069601058959961,-10.871298789978027
1AKJ__AB__DE,train,-5.337104320526123,-7.051327228546143
1EZU__C__AB,train,-13.867080688476562,-12.481072425842285
2TGP__Z__I,train,-7.589636325836182,-11.581740379333496
1GXD__A__C,train,-11.377227783203125,-10.001041412353516
1A2K__C__AB,train,-9.37194538116455,-8.537049293518066
2PTC__E__I,train,-18.15886688232422,-12.792954444885254
1ZLI__A__B,train,-12.12277603149414,-11.109309196472168
1K5D__AB__C,train,-12.86083698272705,-11.798502922058105
1RLB__ABCD__E,train,-8.23399829864502,-7.522266387939453
3BX7__A__C,train,-10.970878601074219,-9.509129524230957
1GPW__A__B,train,-11.40062141418457,-10.291496276855469
4IZ7__A__B,train,-9.438971519470215,-9.593971252441406
4Z7V__ABC__DE,train,-7.032559394836426,-6.671444892883301
4QOK__AC__DE,train,-7.082088470458984,-6.797022819519043
5TOJ__E__B,train,-10.420490264892578,-11.752204895019531
4J8R__AB__I,train,-10.503296852111816,-9.661564826965332
5NQW__C__B,train,-12.07886791229248,-10.524589538574219
5M2M__J__I,train,-12.037991523742676,-12.152538299560547
5NH3__IM__B,train,-12.294440269470215,-13.194719314575195
5BO1__IM__A,train,-12.417884826660156,-13.317036628723145
5DMI__HL__A,train,-12.334100723266602,-13.007720947265625
5O2U__D__C,train,-12.498072624206543,-11.487101554870605
4JAN__AB__I,train,-10.503296852111816,-12.701207160949707
5T6P__CD__E,train,-8.261221885681152,-10.70397663116455
4D9R__HL__A,train,-15.549605369567871,-14.316657066345215
6MHR__AB__C,train,-10.446826934814453,-10.361247062683105
5YWY__HL__A,train,-9.862343788146973,-11.322879791259766
6A0Z__HL__A,train,-9.925885200500488,-11.207443237304688
3LH2__KO__V,train,-11.2575101852417,-12.169621467590332
5F3B__EF__D,train,-15.720052719116211,-13.76574993133545
5VYF__AB__C,train,-13.271611213684082,-12.689509391784668
4EIZ__C__B,train,-11.627311706542969,-10.851616859436035
6B08__BC__A,train,-10.635505676269531,-11.720398902893066
4K9E__HL__C,train,-15.271135330200195,-15.190917015075684
3P0G__B__A,train,-13.745772361755371,-12.429866790771484
5E8D__HL__A,train,-11.169208526611328,-12.764547348022461
2J6E__IM__B,train,-8.488138198852539,-9.924854278564453
6B0G__CD__E,train,-10.243637084960938,-11.727452278137207
5HVG__B__A,train,-12.551972389221191,-11.744220733642578
5KW9__HL__A,train,-10.488666534423828,-12.009909629821777
6BKB__HL__E,train,-12.037991523742676,-10.92614459991455
6AXK__AB__E,train,-8.88902473449707,-10.371193885803223
6D6U__KL__D,train,-11.206839561462402,-10.19970417022705
5J3H__CD__E,train,-11.735334396362305,-12.18796443939209
4LIQ__HL__E,train,-13.231790542602539,-12.524174690246582
4JLR__HL__S,train,-14.357784271240234,-14.663907051086426
5CJQ__HL__AB,train,-12.688902854919434,-12.670096397399902
4HWB__HL__A,train,-12.6112699508667,-12.84144401550293
4BKL__AB__EFG,train,-8.952528953552246,-10.346997261047363
5NMV__HL__K,train,-12.278223037719727,-11.867405891418457
3V6Z__CD__E,train,-11.570841789245605,-12.756523132324219
5CIN__HL__P,train,-10.56572151184082,-10.962018013000488
3WIH__HL__A,train,-10.533687591552734,-11.297457695007324
4K3J__HL__B,train,-12.17020034790039,-12.304112434387207
1KXQ__H__A,train,-11.535980224609375,-11.607732772827148
6DBG__C__B,train,-13.402237892150879,-12.205229759216309
1IJK__A__BC,train,-10.420490264892578,-9.88759708404541
3PC8__A__C,train,-9.537996292114258,-8.322474479675293
5VNW__D__A,train,-8.685522079467773,-7.285953998565674
1XQS__A__C,train,-7.076467514038086,-8.158008575439453
1JMO__A__HL,train,-9.441706657409668,-10.230683326721191
1XU1__ABD__T,train,-11.178394317626953,-10.548649787902832
1AXI__A__B,train,-10.714621543884277,-10.89488410949707
1C9P__B__A,train,-12.278223037719727,-11.054386138916016
1DIT__P__HL,train,-16.37096405029297,-13.769461631774902
1F7Z__I__A,train,-6.693784713745117,-10.092565536499023
1I5K__CD__AB,train,-10.06371021270752,-9.527117729187012
1K93__D__A,train,-10.503296852111816,-10.4042387008667
1L4Z__A__B,train,-9.149209022521973,-8.762947082519531
1MXE__A__E,train,-16.37096405029297,-13.768057823181152
1OEY__L__C,train,-11.456864356994629,-10.875687599182129
1P1Z__P__A,train,-5.589197158813477,-5.986210823059082
1PJM__A__B,train,-9.2014741897583,-9.456615447998047
1SB0__B__A,train,-6.581003189086914,-7.1003570556640625
1T0P__A__B,train,-6.278346538543701,-7.175252437591553
1TE1__B__A,train,-11.553154945373535,-10.805130958557129
1U0S__Y__A,train,-9.056242942810059,-8.717920303344727
1VEU__A__B,train,-10.767715454101562,-10.939162254333496
1WA7__B__A,train,-6.8466572761535645,-7.438851833343506
1X1U__D__A,train,-10.749483108520508,-12.578042030334473
1YYM__HL__G,train,-6.852874279022217,-9.93677043914795
2A24__B__A,train,-6.170323848724365,-7.568356513977051
2CJS__C__AB,train,-9.549729347229004,-9.254731178283691
2G81__I__E,train,-10.731796264648438,-11.318721771240234
2HD5__B__A,train,-7.575448036193848,-8.31113338470459
2IXQ__B__A,train,-8.396806716918945,-7.555585861206055
2JU0__B__A,train,-9.549729347229004,-9.539753913879395
2K5B__B__A,train,-7.364123344421387,-7.7903947830200195
2KBW__B__A,train,-8.860579490661621,-8.757471084594727
2KQS__B__A,train,-5.807974338531494,-6.905566692352295
2KWU__A__B,train,-5.8559346199035645,-6.441067218780518
2LNH__BC__A,train,-10.092617988586426,-8.517409324645996
2LUH__B__A,train,-8.396806716918945,-7.6862969398498535
2M86__A__B,train,-11.71209716796875,-10.781571388244629
2N2H__B__A,train,-8.228479385375977,-8.16250228881836
2ODY__E__AB,train,-11.92996883392334,-12.820685386657715
2OMY__B__A,train,-9.139049530029297,-10.0541410446167
2POP__B__A,train,-7.335216045379639,-8.259184837341309
2RUK__B__A,train,-6.2973713874816895,-8.263144493103027
2V8S__E__V,train,-6.354085922241211,-6.902562141418457
2VOH__B__A,train,-12.278223037719727,-9.783278465270996
2W84__B__A,train,-9.761054039001465,-9.34886646270752
2WUC__HL__A,train,-9.26756763458252,-11.10830020904541
2X1W__AB__MN,train,-10.635505676269531,-10.181977272033691
2XHE__B__A,train,-11.471864700317383,-10.515585899353027
2Y0B__G__AB,train,-11.216632843017578,-10.585705757141113
2YGG__B__A,train,-10.503296852111816,-9.782713890075684
2Z8W__D__A,train,-11.361315727233887,-10.170565605163574
3ALZ__B__A,train,-8.57292366027832,-10.029892921447754
3BEG__B__A,train,-9.960408210754395,-8.791114807128906
3BPO__B__AC,train,-10.503296852111816,-10.7254056930542
3D39__ABC__DE,train,-8.44990062713623,-7.54109001159668
3DCO__AB__N,train,-6.733298301696777,-6.374913692474365
3EGG__C__A,train,-10.99648666381836,-9.102890968322754
3G9W__D__A,train,-6.062301158905029,-6.723593711853027
3H7B__C__A,train,-5.985246658325195,-5.162075042724609
3HO5__H__B,train,-9.082579612731934,-9.768965721130371
3K1R__B__A,train,-12.278223037719727,-11.620673179626465
3KJ0__B__A,train,-11.867544174194336,-10.043436050415039
3MHP__C__AB,train,-7.586123943328857,-8.474408149719238
3OL2__B__A,train,-7.175444602966309,-6.725273132324219
3P8M__CD__AB,train,-11.125300407409668,-10.901026725769043
3QEQ__AC__DE,train,-5.142598628997803,-7.4393134117126465
3QS7__EF__AB,train,-10.092617988586426,-10.712254524230957
3REB__B__A,train,-9.573915481567383,-10.690252304077148
3RUG__A__EF,train,-7.307653903961182,-8.162163734436035
3SJH__B__A,train,-7.460413455963135,-7.5015788078308105
3T0Y__BD__AC,train,-9.160158157348633,-8.180354118347168
3TJZ__BC__A,train,-8.185482025146484,-7.3349127769470215
3TU3__B__A,train,-9.882776260375977,-7.991212844848633
3U9D__B__A,train,-8.596160888671875,-7.289124488830566
3UKZ__C__B,train,-11.759521484375,-11.632552146911621
3V96__B__A,train,-12.221753120422363,-11.307870864868164
3VUX__G__A,train,-6.883659362792969,-5.08389949798584
3VYS__C__AB,train,-7.8051934242248535,-7.532609939575195
3WRY__C__A,train,-8.879390716552734,-8.480557441711426
4AG2__C__A,train,-11.197205543518066,-11.566956520080566
4ASW__C__AB,train,-9.549729347229004,-8.991307258605957
4BQ6__EF__B,train,-10.325489044189453,-9.761333465576172
4C1N__CJ__D,train,-10.56243896484375,-9.766463279724121
4C9B__B__A,train,-10.295537948608398,-10.487589836120605
4CT0__B__A,train,-10.30394172668457,-9.844940185546875
4EDW__HL__V,train,-10.913975715637207,-12.049182891845703
4EN3__AB__CD,train,-7.6425933837890625,-8.165853500366211
4F0A__B__A,train,-7.6667799949646,-7.04408073425293
4FQ0__C__B,train,-8.267992973327637,-8.72919750213623
4G3Y__C__HL,train,-10.99648666381836,-12.20862102508545
4GN4__B__A,train,-8.999773025512695,-9.604337692260742
4HRL__A__C,train,-12.278223037719727,-11.128435134887695
4IIQ__C__AB,train,-6.1508965492248535,-6.8215742111206055
4IU3__B__A,train,-10.479205131530762,-10.235434532165527
4JE4__B__A,train,-10.714621543884277,-10.4618558883667
4K5A__B__A,train,-10.896463394165039,-9.729425430297852
4KGQ__CD__AB,train,-10.155041694641113,-10.345580101013184
4KV5__EG__CD,train,-11.963833808898926,-12.271207809448242
4LQF__HL__A,train,-13.902277946472168,-13.73068904876709
4M38__EF__AB,train,-6.713212490081787,-7.392970085144043
4N7Z__B__A,train,-9.211432456970215,-7.969632148742676
4OL0__B__A,train,-11.361315727233887,-10.940399169921875
4P1N__CD__AB,train,-8.79079532623291,-9.151050567626953
4P6I__CDEF__AB,train,-8.918904304504395,-9.698155403137207
4PER__A__B,train,-20.46370506286621,-19.617534637451172
4PJB__AB__EF,train,-6.877112865447998,-7.476153373718262
4PL8__H__AB,train,-8.860579490661621,-8.79439926147461
4QT8__C__A,train,-8.939695358276367,-9.63157844543457
4RGM__HL__S,train,-10.42307186126709,-11.373528480529785
4U97__B__A,train,-7.6425933837890625,-7.4741339683532715
4UWX__C__A,train,-7.0410847663879395,-7.319827079772949
4XHU__C__D,train,-10.34784984588623,-9.021008491516113
4XVP__D__A,train,-11.427957534790039,-10.6067533493042
4ZPT__R__AB,train,-10.91813850402832,-10.433959007263184
5A6W__C__AB,train,-10.243637084960938,-9.364190101623535
5AYS__C__A,train,-12.679497718811035,-11.547903060913086
5BNQ__R__A,train,-13.379000663757324,-10.515251159667969
5C09__ABC__DE,train,-4.635629653930664,-7.008497714996338
5D7L__GH__AB,train,-6.79799747467041,-7.941675662994385
5DHA__ABC__D,train,-8.33269214630127,-8.229103088378906
5E6J__BC__A,train,-6.709766387939453,-6.684764385223389
5EJC__EF__A,train,-9.148004531860352,-8.927547454833984
5EU6__ABC__DE,train,-7.09498405456543,-7.4503655433654785
5FCU__HL__G,train,-11.216632843017578,-12.568065643310547
5FR2__B__A,train,-9.34615707397461,-9.213749885559082
5GIM__CD__AB,train,-12.637843132019043,-13.54709529876709
5H3J__B__A,train,-8.96124267578125,-8.796351432800293
5HPK__B__A,train,-10.932023048400879,-10.257086753845215
5JDO__DE__A,train,-11.627311706542969,-9.979644775390625
5JLV__C__A,train,-10.673744201660156,-10.923863410949707
5JTP__EFGH__ABCD,train,-5.999876499176025,-6.412395477294922
5KY0__B__A,train,-7.076467514038086,-8.01545238494873
5LGK__E__AB,train,-8.077459335327148,-9.270533561706543
1BJ1__HL__VW,train,-11.547342300415039,-12.590383529663086
1CBW__FGH__I,train,-10.593104362487793,-11.535893440246582
1E96__A__B,train,-9.259526252746582,-8.284187316894531
1F47__A__B,train,-6.36175537109375,-6.743129253387451
1JTG__A__B,train,-13.5791654586792,-11.673515319824219
1KIP__AB__C,train,-10.696675300598145,-11.303746223449707
1MLC__AB__E,train,-11.394659042358398,-12.290671348571777
1NCA__N__HL,train,-9.955397605895996,-11.58357048034668
1PPF__E__I,train,-13.163558006286621,-12.427014350891113
1TM1__E__I,train,-15.952255249023438,-16.299448013305664
1XD3__A__B,train,-9.10326862335205,-7.83441686630249
1Z7X__W__X,train,-18.41984748840332,-17.940244674682617
2AK4__ABC__DE,train,-6.4471306800842285,-7.424790859222412
2B42__A__B,train,-12.10883903503418,-10.701091766357422
2E7L__EQ__AD,train,-10.149932861328125,-9.09577465057373
2NOJ__A__B,train,-10.753116607666016,-9.629263877868652
2OI9__AQ__BC,train,-7.90303373336792,-8.809124946594238
3AAA__AB__C,train,-10.293463706970215,-9.361798286437988
3BIW__A__E,train,-9.402509689331055,-9.014307022094727
3BT1__A__U,train,-12.327895164489746,-11.478791236877441
3EQS__A__B,train,-11.583243370056152,-10.56438159942627
3H9S__ABC__DE,train,-7.34579610824585,-8.596272468566895
3IDX__HL__G,train,-8.912378311157227,-10.142158508300781
3NPS__A__BC,train,-13.843450546264648,-13.751980781555176
3Q8D__A__E,train,-9.847429275512695,-7.351505279541016
3SE3__B__A,train,-10.257901191711426,-9.194731712341309
3SEK__B__C,train,-12.116677284240723,-11.41400146484375
3UIG__A__P,train,-7.252449989318848,-6.7356719970703125
4GNK__A__B,train,-9.078010559082031,-8.512099266052246
4HRN__A__D,train,-11.565020561218262,-10.185375213623047
4L0P__A__B,train,-10.970878601074219,-9.772875785827637
4N8V__G__ABC,train,-6.345530033111572,-7.27055549621582
4O27__A__B,train,-10.365869522094727,-9.886750221252441
4PWX__AB__CD,train,-8.546260833740234,-9.150141716003418
4WND__A__B,train,-9.867505073547363,-9.528267860412598
4YFD__A__B,train,-8.409748077392578,-9.1891450881958
5E6P__A__B,train,-7.640507221221924,-7.315079689025879
5M2O__A__B,train,-11.376176834106445,-9.935898780822754
2OQJ__DE__F,train,-5.046308994293213,-9.211276054382324
3Q3G__JK__L,train,-11.328221321105957,-11.997572898864746
3FKU__UU__GH,train,-13.48702335357666,-12.305922508239746
1DZB__AA__X,train,-8.57292366027832,-9.048357963562012
2R0Z__HL__Q,train,-7.335301876068115,-9.208479881286621
3H42__HL__AB,train,-15.549605369567871,-14.902210235595703
2ZPK__IM__Q,train,-7.957220077514648,-8.9601469039917
1HH6__AB__C,train,-8.877099990844727,-11.044623374938965
2R0L__HL__A,train,-10.68975830078125,-10.305864334106445
3P11__HL__A,train,-12.195455551147461,-11.975211143493652
3SDY__HL__AB,train,-12.484129905700684,-11.953606605529785
3R1G__HL__B,train,-12.12277603149414,-12.854697227478027
1ATN__A__D,train,-12.146171569824219,-10.924468040466309
1J2J__A__B,train,-8.183542251586914,-7.780713081359863
1M10__A__B,train,-11.312094688415527,-11.390885353088379
1ZHI__A__B,train,-9.139049530029297,-8.604551315307617
1NW9__B__A,train,-11.26370906829834,-9.664606094360352
3CPH__G__A,train,-8.901662826538086,-8.71887493133545
4DN4__HL__M,train,-14.208597183227539,-13.186079025268555
1EWY__A__C,train,-7.476365566253662,-8.941819190979004
1IBR__A__B,train,-12.154679298400879,-11.654911994934082
3A4S__B__C,train,-7.569525718688965,-7.310878753662109
4FQI__HL__AB,train,-12.54139232635498,-11.895482063293457
3L89__ABC__M,train,-8.926797866821289,-10.02677059173584
1PVH__A__B,train,-9.584518432617188,-8.763983726501465
2FJU__B__A,train,-7.245671272277832,-7.447109222412109
4Z7W__ABC__DE,train,-7.7458953857421875,-7.0777668952941895
4QRP__AC__DE,train,-7.647352695465088,-8.499131202697754
4H1L__ABC__DE,train,-6.025608062744141,-7.164268970489502
2NY3__CD__A,train,-8.306685447692871,-9.267611503601074
5ZIA__GL__R,train,-8.898818016052246,-10.957236289978027
5MI0__BC__A,train,-8.713740348815918,-10.083502769470215
1KXT__B__A,train,-9.043500900268555,-9.532211303710938
4KHX__HL__A,train,-11.427957534790039,-11.761331558227539
4N8C__HL__X,train,-12.821111679077148,-10.600916862487793
5BOZ__I__C,train,-12.489547729492188,-11.89530086517334
5HGG__T__A,train,-14.007551193237305,-12.953158378601074
5O0W__H__D,train,-13.822473526000977,-12.155325889587402
5TFW__HL__O,train,-14.713617324829102,-13.290596008300781
3LRH__G__H,train,-10.022832870483398,-9.21263599395752
4AM0__CD__T,train,-12.792203903198242,-12.348573684692383
5VOB__HL__BD,train,-13.402237892150879,-13.596312522888184
6E63__HL__P,train,-11.503055572509766,-12.346373558044434
1NL0__HL__G,train,-11.99975299835205,-11.31019115447998
5ZXV__CD__B,train,-9.876571655273438,-10.855094909667969
6B5R__HL__A,train,-11.967329025268555,-10.204583168029785
2FX9__HL__P,train,-10.599586486816406,-10.184903144836426
5KN5__DE__F,train,-13.6307373046875,-12.238840103149414
5CZX__HL__A,train,-12.580879211425781,-13.371528625488281
1N64__HL__P,train,-12.12277603149414,-10.254420280456543
1ZA3__HL__R,train,-10.188907623291016,-11.558606147766113
5UTZ__FG__E,train,-11.904519081115723,-13.509559631347656
6DF2__HL__D,train,-9.880701065063477,-10.5092191696167
3IXT__HL__P,train,-9.028563499450684,-10.549653053283691
2MPA__HL__P,train,-10.969853401184082,-9.847384452819824
5I8C__AB__C,train,-10.371088027954102,-10.86042308807373
6FGB__HL__AB,train,-13.955084800720215,-11.417252540588379
1NSN__HL__S,train,-13.642470359802246,-13.834967613220215
3VG9__BC__A,train,-11.400394439697266,-11.830155372619629
5D72__MN__B,train,-15.30937385559082,-12.994807243347168
2YPV__HL__A,train,-14.355806350708008,-14.753854751586914
6CDM__AB__C,train,-12.40674114227295,-11.262127876281738
5TRU__HL__C,train,-10.8794527053833,-12.131719589233398
4ZS7__HL__A,train,-14.567130088806152,-13.503954887390137
5K59__EF__B,train,-15.828075408935547,-15.935173034667969
5JYL__DD__C,train,-10.99648666381836,-10.777785301208496
5VPL__CD__A,train,-10.599586486816406,-11.678858757019043
1NMA__HL__N,train,-10.714621543884277,-10.761874198913574
6AXL__CD__G,train,-9.696938514709473,-10.178789138793945
5E8E__AB__H,train,-11.92996883392334,-10.748239517211914
6MLK__HL__A,train,-10.758529663085938,-11.082715034484863
4F37__HL__A,train,-11.26818561553955,-12.908822059631348
5FHX__H__A,train,-14.898694038391113,-12.098403930664062
4FFZ__YZ__X,train,-8.705132484436035,-11.82724666595459
6B5O__HL__A,train,-11.366379737854004,-10.651289939880371
4ZFG__HL__A,train,-11.324655532836914,-13.029961585998535
5O14__HL__A,train,-14.626428604125977,-13.072433471679688
1HCF__AB__X,train,-13.076343536376953,-13.9234037399292
3BZD__A__B,train,-9.573915481567383,-8.067476272583008
1FQJ__A__B,train,-9.787006378173828,-9.180402755737305
2GAF__D__A,train,-12.17020034790039,-11.191263198852539
3DAW__A__B,train,-6.410555839538574,-8.110838890075684
1B27__D__A,train,-19.099458694458008,-12.90711784362793
1CA0__D__ABC,train,-11.116896629333496,-11.882692337036133
1GO4__G__A,train,-8.16224479675293,-8.394753456115723
1ICF__I__AB,train,-16.056575775146484,-14.609746932983398
1LDT__L__T,train,-11.92996883392334,-10.99209976196289
1NEZ__AB__GH,train,-6.821235179901123,-7.74494743347168
1OQE__J__R,train,-9.49867057800293,-8.60888671875
1P27__B__A,train,-12.489547729492188,-10.37410831451416
1PK1__B__A,train,-9.914810180664062,-8.943432807922363
1R8U__B__A,train,-10.758529663085938,-10.203267097473145
1SHY__A__B,train,-9.612154006958008,-9.163287162780762
1TLH__B__A,train,-4.806077003479004,-6.364169120788574
1UEL__B__A,train,-7.460413455963135,-6.532970905303955
1WLP__A__B,train,-8.44990062713623,-8.942298889160156
1X1X__D__A,train,-9.925885200500488,-12.67430591583252
1XWD__DE__F,train,-4.6536760330200195,-8.41667366027832
1YDI__B__A,train,-11.936588287353516,-12.0165433883667
2B10__D__C,train,-6.821235179901123,-6.742108345031738
2BQZ__B__A,train,-6.410555839538574,-6.605820178985596
2EFH__B__A,train,-10.155041694641113,-10.158440589904785
2HWN__E__AB,train,-11.867544174194336,-10.945399284362793
2IFG__EF__AB,train,-12.34064769744873,-11.857148170471191
2IY1__B__A,train,-8.327398300170898,-8.238611221313477
2K05__BD__AC,train,-9.139049530029297,-9.908866882324219
2K79__B__A,train,-4.330018043518066,-7.903763294219971
2KT5__B__A,train,-6.211201190948486,-6.47933292388916
2L2L__B__A,train,-10.78652572631836,-7.928436279296875
2M0G__B__A,train,-9.653030395507812,-8.93234634399414
2MAK__BD__AC,train,-4.786649227142334,-5.773179531097412
2MLX__B__A,train,-7.364123344421387,-7.085350036621094
2MV7__B__A,train,-12.014753341674805,-9.61536693572998
2N8J__B__A,train,-10.873888969421387,-10.881388664245605
2OJE__D__ABC,train,-8.488138198852539,-9.256518363952637
2ONL__C__A,train,-11.216632843017578,-9.301325798034668
2PTT__A__B,train,-7.364123344421387,-8.068503379821777
2RMK__A__B,train,-9.235340118408203,-7.559769153594971
2V1D__C__AB,train,-9.960408210754395,-8.12903881072998
2VDA__B__A,train,-7.534570693969727,-6.922114372253418
2WVW__AH__STWX,train,-7.7748026847839355,-7.094710350036621
2X2D__D__C,train,-7.114098072052002,-5.671605587005615
2XPX__B__A,train,-9.309496879577637,-9.6950101852417
2YQ7__B__A,train,-10.171732902526855,-9.338393211364746
3AU4__B__A,train,-8.561637878417969,-8.170941352844238
3C4M__C__A,train,-8.1974515914917,-7.883213996887207
3D5O__F__ABCDE,train,-8.185482025146484,-8.243121147155762
3DGC__L__R,train,-12.278223037719727,-10.068846702575684
3EJH__E__A,train,-7.231914520263672,-6.774100303649902
3IT8__ABC__DEF,train,-14.142509460449219,-13.179633140563965
3K2U__HL__A,train,-13.36400032043457,-11.425000190734863
3L33__E__A,train,-9.367548942565918,-9.227718353271484
3MJH__B__A,train,-7.6667799949646,-8.480605125427246
3OUX__B__A,train,-10.171732902526855,-10.02840518951416
3P95__E__A,train,-7.945250034332275,-9.5888090133667
3QI2__C__A,train,-10.022832870483398,-9.211384773254395
3RZC__CD__AB,train,-8.381763458251953,-8.10895824432373
3SO3__BC__A,train,-12.833081245422363,-13.003687858581543
3TL8__B__A,train,-7.443238735198975,-7.687882423400879
3UAI__D__A,train,-10.022832870483398,-9.717517852783203
3UL1__A__B,train,-11.689736366271973,-11.79478645324707
3UZV__B__A,train,-12.778263092041016,-11.697232246398926
3VEP__D__X,train,-6.803721904754639,-8.094149589538574
3VFU__B__AC,train,-5.046308994293213,-5.761727333068848
3VWJ__AB__CD,train,-8.363882064819336,-8.576814651489258
3WN5__C__AB,train,-7.907011985778809,-9.39348030090332
3WWQ__AH__C,train,-6.063949108123779,-6.826700210571289
3ZYI__B__A,train,-11.10043716430664,-11.212691307067871
4ALA__HL__C,train,-12.725563049316406,-13.276473999023438
4AUQ__ACDF__BE,train,-5.274807929992676,-8.282782554626465
4B93__B__A,train,-7.691996097564697,-8.025885581970215
4BRU__B__A,train,-9.139049530029297,-7.951241970062256
4C2B__B__A,train,-10.976400375366211,-10.704216957092285
4DGE__C__A,train,-6.02252197265625,-5.992203712463379
4EEF__AB__G,train,-12.580879211425781,-12.198234558105469
4F38__B__A,train,-11.647397994995117,-10.064924240112305
4FQY__HL__AB,train,-11.811074256896973,-11.783859252929688
4G6U__B__A,train,-10.572340965270996,-9.587170600891113
4GRL__ACD__B,train,-5.201163291931152,-6.551669597625732
4I6L__B__A,train,-10.503296852111816,-9.330862998962402
4IKA__D__A,train,-5.784860610961914,-5.567751407623291
4IYP__C__A,train,-8.898818016052246,-8.30177116394043
4JW2__B__A,train,-11.503055572509766,-10.953267097473145
4L67__B__A,train,-8.860579490661621,-8.560881614685059
4MP0__B__A,train,-10.99648666381836,-9.52804946899414
4NEE__C__BD,train,-7.8372273445129395,-8.734278678894043
4NSO__B__A,train,-12.290192604064941,-11.224757194519043
4P2O__CD__ABP,train,-8.185482025146484,-8.102269172668457
4PAS__B__A,train,-9.409984588623047,-8.436579704284668
4PJ2__D__A,train,-14.08980941772461,-12.360770225524902
4PJD__AB__EF,train,-7.718332767486572,-7.082775115966797
4PP8__CD__AB,train,-8.612987518310547,-10.011170387268066
4RT6__B__A,train,-10.749483108520508,-11.439448356628418
4UEM__B__A,train,-11.178394317626953,-10.857193946838379
4V2C__D__C,train,-6.472980499267578,-7.609119415283203
4XKL__A__B,train,-6.013359546661377,-5.707267761230469
4YK4__A__YZ,train,-8.784248352050781,-9.243326187133789
4ZRJ__B__A,train,-7.554656982421875,-7.4672064781188965
5B64__B__A,train,-9.761054039001465,-9.292661666870117
5D1Z__I__CD,train,-16.37096405029297,-14.884161949157715
5D93__BC__A,train,-10.635505676269531,-11.81482219696045
5DJT__B__A,train,-10.599586486816406,-10.166529655456543
5EB1__BD__AC,train,-9.350374221801758,-9.423880577087402
5EZO__A__HL,train,-12.278223037719727,-13.449963569641113
5FUG__C__AB,train,-11.400394439697266,-10.79561710357666
5GLH__B__A,train,-14.575655937194824,-14.308924674987793
5H6R__C__AB,train,-7.09498405456543,-8.130541801452637
5HPY__B__A,train,-9.394282341003418,-8.923453330993652
5KSB__CD__EF,train,-7.7748026847839355,-8.55028247833252
5KY5__B__A,train,-8.325143814086914,-8.083792686462402
1ACB__E__I,train,-15.910113334655762,-13.574849128723145
1BP3__A__B,train,-14.292141914367676,-10.683215141296387
1CHO__EFG__I,train,-15.173182487487793,-12.470283508300781
1F5R__A__I,train,-5.709346771240234,-8.835834503173828
1GL1__A__I,train,-13.225133895874023,-12.48221206665039
1K8R__A__B,train,-9.254559516906738,-9.32245922088623
1KNE__A__P,train,-6.5035719871521,-6.368305206298828
1MQ8__A__B,train,-7.53078031539917,-8.189680099487305
1QAB__ABCD__E,train,-8.655352592468262,-9.103419303894043
1SBB__A__B,train,-5.254988193511963,-6.687565803527832
1U7F__B__AC,train,-10.264854431152344,-9.4869384765625
2A9K__A__B,train,-10.243969917297363,-9.253828048706055
2AW2__A__B,train,-9.078010559082031,-8.052875518798828
2BDN__HL__A,train,-12.40418815612793,-12.703936576843262
2FTL__E__I,train,-17.95417594909668,-12.403108596801758
2HRK__A__B,train,-9.920890808105469,-10.348544120788574
2NY7__HL__G,train,-10.143389701843262,-10.600462913513184
2OOB__A__B,train,-5.829092979431152,-6.307933807373047
3B4V__AB__C,train,-13.436351776123047,-13.268969535827637
3BK3__A__C,train,-10.441571235656738,-8.914224624633789
3BX1__A__C,train,-11.381351470947266,-11.944878578186035
3KBH__A__E,train,-9.773308753967285,-9.596662521362305
3MZW__A__B,train,-14.505928993225098,-12.368413925170898
3NVN__B__A,train,-11.128769874572754,-10.727726936340332
3QDG__ABC__DE,train,-6.848178386688232,-7.587982654571533
3R9A__AC__B,train,-7.4394941329956055,-6.999388217926025
3SE4__B__A,train,-5.9968581199646,-8.258275032043457
3SF4__A__D,train,-11.753604888916016,-11.022225379943848
3WWN__A__B,train,-7.891512393951416,-8.140859603881836
4EKD__A__B,train,-10.441571235656738,-9.239620208740234
4GU0__A__E,train,-8.162525177001953,-8.110037803649902
4JFD__ABC__DE,train,-6.059251308441162,-7.600729942321777
4LRX__AB__CD,train,-6.467328071594238,-5.863173007965088
5TAR__A__B,train,-7.688126087188721,-7.758841514587402
3EOB__HL__I,train,-11.811074256896973,-11.631357192993164
3OGO__G__B,train,-12.565021514892578,-11.623397827148438
1HEZ__CD__E,train,-9.329583168029785,-10.856071472167969
2VYR__E__A,train,-9.699533462524414,-10.73000431060791
2WUB__QR__C,train,-9.309496879577637,-9.750788688659668
3EYU__HL__Q,train,-10.22094440460205,-9.372430801391602
3EYF__AB__E,train,-9.55423641204834,-10.417694091796875
1QFU__HL__A,train,-11.510316848754883,-11.169315338134766
3RU8__HL__X,train,-10.197685241699219,-11.66054916381836
1EER__A__BC,train,-15.700413703918457,-11.986735343933105
4HX3__BD__A,train,-7.407031536102295,-6.828587532043457
2OZA__B__A,train,-11.814055442810059,-11.499478340148926
2UUY__A__B,train,-11.333025932312012,-11.589805603027344
1JIW__P__I,train,-15.653912544250488,-14.20407772064209
1KLU__AB__D,train,-7.330160140991211,-7.58209228515625
4G6M__HL__A,train,-13.005099296569824,-14.205944061279297
3RVW__CD__A,train,-10.528388023376465,-11.5219087600708
1ZM4__A__B,train,-8.083901405334473,-7.541945934295654
4Z7U__ABC__DE,train,-8.156574249267578,-7.768969535827637
1FYT__ABC__DE,train,-5.867667198181152,-7.523643493652344
3UTT__AC__DE,train,-4.86850118637085,-6.145456314086914
3O4L__AC__DE,train,-6.781148433685303,-6.965235710144043
6H7O__D__B,train,-13.443115234375,-13.263501167297363
5Y7Z__D__B,train,-10.658151626586914,-9.714527130126953
5DRZ__HL__P,train,-11.400394439697266,-11.812108039855957
5TKJ__JK__L,train,-11.112738609313965,-11.269108772277832
4HJ0__CD__B,train,-10.420490264892578,-11.363692283630371
6BIT__JL__G,train,-11.71209716796875,-11.572340965270996
6H06__EF__J,train,-7.164768695831299,-8.742030143737793
4M1G__HL__AB,train,-10.697930335998535,-12.440552711486816
5HYS__AB__G,train,-14.20188045501709,-12.805249214172363
1UWX__HL__P,train,-7.907011985778809,-10.044657707214355
4LMQ__EI__F,train,-12.32569694519043,-12.363191604614258
5TZ2__HL__C,train,-12.211077690124512,-12.574378967285156
5IMM__B__A,train,-11.535980224609375,-10.738849639892578
5MY6__B__A,train,-11.45834732055664,-10.84632396697998
3LHP__HL__S,train,-15.177164077758789,-14.576281547546387
2AEP__HL__A,train,-10.805953025817871,-11.474644660949707
4G6F__HL__P,train,-10.599586486816406,-12.749138832092285
5A2J__HH__P,train,-7.9861273765563965,-8.26305866241455
6D01__GH__J,train,-8.927133560180664,-10.63720417022705
1FE8__HL__A,train,-7.7748026847839355,-10.092378616333008
2XQB__HL__A,train,-14.029911994934082,-13.234612464904785
4YBL__BC__A,train,-13.328081130981445,-12.403031349182129
3FN0__HL__P,train,-5.999876499176025,-9.975863456726074
5W1M__CD__T,train,-10.624500274658203,-12.03488826751709
5OMM__C__AB,train,-10.890738487243652,-9.276408195495605
1QFW__IM__B,train,-10.913975715637207,-10.303995132446289
3UBX__HL__A,train,-10.366366386413574,-10.508074760437012
5CD5__CD__A,train,-8.920950889587402,-11.661358833312988
4I3R__HL__G,train,-10.810911178588867,-11.873669624328613
5BK1__HL__A,train,-12.221753120422363,-13.090065002441406
3LEV__HL__A,train,-12.580879211425781,-12.675318717956543
4M62__IM__T,train,-11.718973159790039,-11.934886932373047
5TE4__HL__G,train,-10.919930458068848,-11.816166877746582
5E2W__HL__P,train,-10.243637084960938,-9.92776107788086
1IQD__AB__C,train,-14.80736255645752,-13.32733154296875
5NGV__HL__A,train,-14.728246688842773,-14.313268661499023
5Y11__AB__C,train,-10.350132942199707,-10.995948791503906
2A6D__AB__P,train,-9.309496879577637,-9.47657585144043
2HRP__HL__P,train,-11.324655532836914,-11.656909942626953
1SM3__HL__P,train,-6.302533149719238,-9.497895240783691
5CIL__HL__P,train,-10.077987670898438,-10.964682579040527
4D9Q__DE__B,train,-14.355806350708008,-13.654215812683105
5IMK__B__A,train,-8.281771659851074,-10.29736614227295
1DE4__AB__CF,train,-9.778228759765625,-8.911177635192871
4FP8__HL__A,train,-8.685522079467773,-10.381656646728516
5SV3__C__D,train,-13.919047355651855,-13.058091163635254
1S78__CD__A,train,-8.596160888671875,-11.077837944030762
4Y7M__A__C,train,-11.996061325073242,-11.598166465759277
1OC0__A__B,train,-12.278223037719727,-10.702335357666016
1A3B__I__HL,train,-12.991559028625488,-12.891300201416016
1B3S__D__A,train,-13.549448013305664,-12.392666816711426
1CMX__BD__AC,train,-7.871092796325684,-8.305129051208496
1EFX__D__AC,train,-6.851625442504883,-6.625753402709961
1FLT__XY__VW,train,-12.097787857055664,-11.160032272338867
1H0T__B__A,train,-7.123891353607178,-6.856043815612793
1L0X__BD__AC,train,-7.123891353607178,-7.6900787353515625
1NM5__C__AB,train,-9.852385520935059,-10.337339401245117
1Q0W__B__A,train,-4.853336334228516,-5.390710830688477
1SQ0__A__B,train,-10.26306438446045,-11.259598731994629
1TAW__B__A,train,-14.596037864685059,-12.088163375854492
1TT5__E__AB,train,-6.354085922241211,-6.210583686828613
1WR1__A__B,train,-6.588955879211426,-6.598990440368652
1X75__CD__AB,train,-10.582411766052246,-10.173738479614258
1YK1__E__AB,train,-10.013687133789062,-9.560755729675293
1ZGU__B__A,train,-5.468957901000977,-5.626474857330322
2AQ1__C__D,train,-11.26818561553955,-8.273447036743164
2F31__B__A,train,-9.537996292114258,-7.91492223739624
2FU5__C__B,train,-12.489547729492188,-11.131583213806152
2GWW__B__A,train,-13.586000442504883,-10.99341869354248
2I3S__B__A,train,-7.426548004150391,-8.314788818359375
2IJ0__CE__AB,train,-13.294215202331543,-10.64309024810791
2JOD__A__B,train,-8.807485580444336,-7.786493301391602
2K2U__B__A,train,-8.79079532623291,-7.706913948059082
2K8C__B__A,train,-3.7444863319396973,-5.844760894775391
2KHS__B__A,train,-8.79079532623291,-8.697754859924316
2KVQ__G__E,train,-5.867667198181152,-7.091670513153076
2KYG__AB__C,train,-9.787006378173828,-9.880244255065918
2LP4__Y__A,train,-3.2713825702667236,-6.309417724609375
2LWW__B__A,train,-9.882776260375977,-9.011147499084473
2MCN__B__A,train,-7.8051934242248535,-7.336690902709961
2MLZ__B__A,train,-6.621880531311035,-7.480866432189941
2MZD__B__A,train,-8.26324462890625,-8.132643699645996
2OMU__A__B,train,-12.580879211425781,-11.132561683654785
2PJY__BC__A,train,-8.596160888671875,-10.154234886169434
2PX9__B__A,train,-5.536780834197998,-6.907421588897705
2RNR__B__A,train,-9.309496879577637,-9.150993347167969
2V4Z__B__A,train,-8.05327320098877,-8.810648918151855
2VER__A__N,train,-6.661248207092285,-9.420914649963379
2W2M__E__AP,train,-9.151020050048828,-9.704780578613281
2WEL__D__A,train,-8.488138198852539,-8.097734451293945
2WO3__B__A,train,-7.691996097564697,-9.187810897827148
2WX0__C__AB,train,-6.953444480895996,-6.514046669006348
2XB6__C__A,train,-9.46692180633545,-9.57165813446045
2Y8S__B__A,train,-12.28477668762207,-10.72771167755127
2Z34__CD__AB,train,-8.254526138305664,-8.397323608398438
3C4P__B__A,train,-11.400394439697266,-11.208196640014648
3CX6__B__A,train,-7.256100654602051,-8.724724769592285
3DI3__B__A,train,-10.47438907623291,-10.79367446899414
3EOY__GHI__ABC,train,-11.66818904876709,-11.752396583557129
3GXU__B__A,train,-9.130228996276855,-10.391284942626953
3IA3__D__A,train,-9.59272575378418,-8.913357734680176
3IXS__B__A,train,-9.612154006958008,-8.268324851989746
3K6G__D__A,train,-10.617274284362793,-10.153956413269043
3KUC__B__A,train,-8.66921329498291,-8.705832481384277
3L9J__C__T,train,-12.917401313781738,-11.789929389953613
3MA2__C__D,train,-7.9335174560546875,-9.133132934570312
3NOC__DE__ABC,train,-12.037991523742676,-11.91301441192627
3O6B__B__A,train,-9.064022064208984,-8.9689359664917
3OIQ__B__A,train,-7.394514083862305,-7.703517913818359
3ONW__C__A,train,-11.784736633300781,-9.445389747619629
3OXU__F__B,train,-6.096166610717773,-7.414165019989014
3QBT__A__B,train,-8.247906684875488,-8.688586235046387
3QUY__A__CD,train,-9.17887020111084,-8.13986587524414
3RBB__B__A,train,-10.7913236618042,-10.564087867736816
3S2K__C__AB,train,-9.748491287231445,-10.109747886657715
3SGK__C__AB,train,-11.647397994995117,-9.23352336883545
3SRI__B__A,train,-9.253026962280273,-8.950906753540039
3TEI__B__A,train,-8.596160888671875,-8.088696479797363
3TZ1__B__A,train,-9.34615707397461,-10.025314331054688
3UEZ__AD__EF,train,-15.828075408935547,-13.245850563049316
3ULA__D__A,train,-11.659785270690918,-10.78860855102539
3V3K__B__A,train,-10.11219310760498,-9.119518280029297
3VFN__B__AC,train,-5.0829691886901855,-5.522469520568848
3W8I__B__A,train,-11.824694633483887,-10.375635147094727
3ZEU__D__E,train,-8.918904304504395,-8.848261833190918
4A49__B__A,train,-5.970969200134277,-7.935641765594482
4AYD__D__A,train,-8.303061485290527,-9.728739738464355
4BJ5__CD__B,train,-6.170323848724365,-6.679989337921143
4BSR__CD__AB,train,-11.867544174194336,-11.891800880432129
4C4P__B__A,train,-9.006840705871582,-8.240254402160645
4D2G__DE__ABC,train,-7.169015884399414,-8.496100425720215
4DH2__B__A,train,-10.213820457458496,-10.222168922424316
4DOH__BR__A,train,-8.407913208007812,-9.88635540008545
4FTG__E__ABCD,train,-10.26306438446045,-9.846896171569824
4H2S__CD__AB,train,-6.367706775665283,-8.498251914978027
4HDO__B__A,train,-8.79079532623291,-7.953042984008789
4HKX__AB__E,train,-8.79079532623291,-10.256121635437012
4IC7__B__A,train,-8.685522079467773,-9.454812049865723
4ILW__A__D,train,-11.236719131469727,-10.000371932983398
4J32__B__A,train,-12.131961822509766,-10.598142623901367
4JZW__M__G,train,-14.750892639160156,-11.824461936950684
4LGP__B__A,train,-13.1489839553833,-12.600052833557129
4LYL__B__A,train,-10.243637084960938,-9.491693496704102
4MQW__X__AB,train,-13.011645317077637,-9.496199607849121
4NIQ__C__A,train,-7.231914520263672,-7.588111877441406
4O1Q__CDEF__AB,train,-7.104464054107666,-7.144482612609863
4OVN__F__A,train,-10.009810447692871,-10.812463760375977
4PJ7__AB__GH,train,-7.5969953536987305,-7.474484920501709
4QD2__ABE__CD,train,-7.5969953536987305,-7.820647239685059
4S0S__D__A,train,-10.836343765258789,-8.945305824279785
4U32__X__A,train,-8.760322570800781,-8.659658432006836
4UI0__C__AB,train,-9.625468254089355,-10.464736938476562
4X33__A__B,train,-9.006840705871582,-9.8694486618042
4Z8L__C__AB,train,-9.235340118408203,-8.78896713256836
4ZI3__CD__AB,train,-8.699462890625,-9.041411399841309
5AJK__BD__AC,train,-7.610310077667236,-7.86695671081543
5B76__B__A,train,-7.143977642059326,-7.661839962005615
5BW7__C__AB,train,-9.933762550354004,-9.347733497619629
5C4V__B__A,train,-8.129012107849121,-7.323968887329102
5CX3__FH__BD,train,-8.550562858581543,-9.964945793151855
5D3F__C__AB,train,-6.9497528076171875,-7.131548881530762
5DC4__B__A,train,-10.171732902526855,-9.399809837341309
5DMJ__E__D,train,-11.290131568908691,-10.987409591674805
5EOF__CD__AB,train,-7.394514083862305,-6.683103561401367
5F3X__B__A,train,-11.605976104736328,-11.581084251403809
5FOA__E__AB,train,-7.114098072052002,-8.465678215026855
5FVK__C__A,train,-7.8372273445129395,-7.827920913696289
5GVI__BC__A,train,-7.718332767486572,-8.895146369934082
5HHM__IJ__FG,train,-5.046308994293213,-7.024875640869141
5HXB__C__A,train,-8.812585830688477,-8.742402076721191
5INB__B__A,train,-9.42707633972168,-9.539697647094727
5JH5__AB__CD,train,-7.575448036193848,-8.957147598266602
5JW9__B__A,train,-9.639089584350586,-9.688010215759277
5L2K__AB__DE,train,-8.102675437927246,-7.792555332183838
1AHW__AB__C,train,-11.547342300415039,-12.309097290039062
1C1Y__A__B,train,-8.073395729064941,-8.601123809814453
1DVF__AB__CD,train,-10.862910270690918,-11.630385398864746
1GC1__G__C,train,-11.513493537902832,-10.952857971191406
1GRN__A__B,train,-7.550856113433838,-9.136832237243652
1KTZ__A__B,train,-9.731291770935059,-9.22718334197998
1OGA__ABC__DE,train,-7.205049991607666,-7.656885623931885
1R0R__E__I,train,-14.1677885055542,-14.91718578338623
1SBN__E__I,train,-14.000503540039062,-15.570341110229492
1UUZ__A__D,train,-12.272046089172363,-11.961846351623535
1YQV__HL__Y,train,-14.80029010772705,-12.703023910522461
2DSQ__I__G,train,-12.794289588928223,-10.665848731994629
2I26__N__L,train,-10.938860893249512,-10.862229347229004
2NYY__CD__A,train,-13.412837028503418,-15.075249671936035
2PCB__A__B,train,-6.817803382873535,-6.958462715148926
3BN9__B__CD,train,-14.87657642364502,-13.240771293640137
3C60__CD__AB,train,-6.709835052490234,-7.055509567260742
3HG1__ABC__DE,train,-6.251962184906006,-7.631601333618164
3KUD__A__B,train,-7.867132663726807,-8.894309043884277
3N85__A__HL,train,-12.411637306213379,-12.38521671295166
3QDJ__ABC__DE,train,-5.954030513763428,-7.31587028503418
3RF3__A__C,train,-14.000503540039062,-12.227171897888184
3SE8__HL__G,train,-9.9832763671875,-11.484354972839355
3SZK__AB__C,train,-10.060986518859863,-9.192656517028809
3UII__A__P,train,-6.817803382873535,-6.768425464630127
4B0M__A__BM,train,-7.658008575439453,-8.47903823852539
4FZA__A__B,train,-10.963034629821777,-9.548161506652832
4GXU__ABCDEF__MN,train,-11.191572189331055,-11.780630111694336
4I77__HL__Z,train,-14.999167442321777,-15.03247356414795
4JGH__ABC__D,train,-10.296647071838379,-9.0823335647583
4KRO__A__B,train,-8.943717956542969,-8.755410194396973
4MNQ__ABC__DE,train,-11.861573219299316,-8.362895011901855
4P23__CD__AB,train,-7.120307445526123,-7.4848856925964355
4U6H__AB__E,train,-13.697999954223633,-12.891724586486816
4Y61__A__B,train,-8.792988777160645,-9.381571769714355
5F4E__A__B,train,-9.69198989868164,-10.956244468688965
5UFE__A__B,train,-9.951854705810547,-10.233113288879395
1VFB__AB__C,train,-11.464473724365234,-11.269789695739746
3NH7__KO__D,train,-10.503296852111816,-12.340426445007324
3L5W__AB__J,train,-14.007551193237305,-12.285416603088379
2OR9__IM__P,train,-8.596160888671875,-10.628231048583984
3O6M__HL__C,train,-9.898497581481934,-10.841477394104004
1BVK__AB__C,train,-10.53493595123291,-10.1547269821167
2NZ9__EF__B,train,-15.133018493652344,-15.421843528747559
1WEJ__HL__F,train,-10.642958641052246,-11.436149597167969
3PP4__HL__P,train,-7.032559394836426,-10.227245330810547
1FSK__BC__A,train,-13.21180248260498,-12.71088695526123
2SNI__E__I,train,-16.067346572875977,-15.116826057434082
1M27__AB__C,train,-7.448015213012695,-8.491249084472656
2X9A__D__C,train,-7.303977012634277,-8.798710823059082
2OOR__AB__C,train,-10.706849098205566,-10.293161392211914
1E4K__AB__C,train,-7.923892498016357,-9.275745391845703
1IB1__AB__E,train,-9.83396053314209,-9.439301490783691
1B6C__A__B,train,-8.999662399291992,-9.7101411819458
1US7__A__B,train,-8.131789207458496,-7.681960105895996
1I4D__D__AB,train,-7.5092997550964355,-6.871606349945068
3VXM__AC__DE,train,-6.378833770751953,-6.399086952209473
4GG6__ABC__DE,train,-6.743602752685547,-7.630188941955566
2F54__AC__DE,train,-6.581003189086914,-7.284016132354736
6FE4__F__A,train,-10.938162803649902,-11.40346622467041
4F9P__DD__B,train,-10.673744201660156,-10.939064979553223
4YHP__HL__P,train,-11.867544174194336,-12.275343894958496
4IOF__EF__B,train,-11.456864356994629,-11.836504936218262
4AEI__HL__A,train,-12.410431861877441,-13.757840156555176
5D1Q__AB__E,train,-14.85127067565918,-14.989171028137207
6II8__JK__E,train,-8.749479293823242,-10.41246509552002
3HAE__HL__AC,train,-10.009810447692871,-10.20163631439209
5EOC__JM__Q,train,-10.257169723510742,-11.308863639831543
2FX8__JN__R,train,-8.894881248474121,-10.035144805908203
4I2X__CD__F,train,-8.077459335327148,-10.430350303649902
1W72__IM__DF,train,-10.714621543884277,-11.35576057434082
4WHY__MN__B,train,-11.053638458251953,-11.192544937133789
4WUU__DE__AC,train,-10.749483108520508,-11.41114330291748
6BCK__HL__G,train,-12.367583274841309,-11.336607933044434
3QWO__HL__P,train,-9.63223934173584,-11.31753921508789
1I8I__AB__C,train,-10.446826934814453,-11.144957542419434
5WUX__CD__G,train,-14.409517288208008,-13.503253936767578
5GRJ__HL__A,train,-14.155041694641113,-13.38598346710205
4JG0__HL__P,train,-9.228409767150879,-10.714103698730469
2H9G__HL__S,train,-11.324655532836914,-11.265509605407715
4KFZ__D__B,train,-9.586389541625977,-10.2801513671875
4HJJ__H__A,train,-13.36400032043457,-12.045561790466309
5WTT__AB__C,train,-9.006840705871582,-10.667634010314941
4R2G__MN__A,train,-10.188907623291016,-9.919291496276855
6EHG__C__AB,train,-13.123767852783203,-10.76575756072998
6AOD__AB__C,train,-13.356639862060547,-12.853684425354004
4WEN__B__A,train,-9.549729347229004,-9.722692489624023
5GHW__HL__P,train,-10.938162803649902,-12.36662769317627
4K2U__IM__B,train,-14.754752159118652,-13.70881175994873
5HDQ__HL__A,train,-12.17020034790039,-12.357855796813965
4O4Y__HL__A,train,-10.654316902160645,-9.965611457824707
4QCI__HL__C,train,-14.396682739257812,-13.419644355773926
4LU5__IM__A,train,-13.889554977416992,-13.861992835998535
5E2V__HL__P,train,-8.295166015625,-9.666253089904785
4QYO__AB__Q,train,-11.216632843017578,-11.175651550292969
3IET__CD__Q,train,-9.350374221801758,-9.918181419372559
4HIX__HL__A,train,-9.305560111999512,-11.246530532836914
5IVN__A__B,train,-12.07886791229248,-10.209734916687012
5MZV__D__A,train,-10.155041694641113,-10.652230262756348
5T78__CD__E,train,-10.049768447875977,-10.86035442352295
4W6W__B__A,train,-11.524247169494629,-11.502766609191895
5VPG__CD__A,train,-10.533687591552734,-11.61398983001709
1MPA__HL__P,train,-10.969853401184082,-9.955536842346191
5A2K__HH__P,train,-8.658585548400879,-8.571473121643066
6CWG__B__A,train,-13.642470359802246,-11.791508674621582
4M5Z__HL__A,train,-10.913975715637207,-11.204472541809082
1NVU__Q__S,train,-7.426548004150391,-8.622394561767578
2VXT__HL__I,train,-12.651034355163574,-13.090104103088379
1PXV__A__C,train,-12.972131729125977,-12.909490585327148
1AY7__A__B,train,-13.231790542602539,-11.425579071044922
1HIA__AB__I,train,-10.758529663085938,-11.07686710357666
1AVA__C__A,train,-13.175320625305176,-12.061820030212402
1EZS__AB__CD,train,-13.294215202331543,-12.648726463317871
1G0V__B__A,train,-13.642470359802246,-11.331787109375
1HRT__I__HL,train,-15.720052719116211,-14.227259635925293
1J7V__L__R,train,-14.264473915100098,-11.819218635559082
1LQB__D__ABC,train,-10.243637084960938,-10.247279167175293
1MHH__AB__E,train,-12.278223037719727,-10.48486042022705
1O94__CDEF__AB,train,-7.231914520263672,-8.241547584533691
1P9M__AC__B,train,-12.410431861877441,-11.179749488830566
1SYQ__B__A,train,-10.685713768005371,-11.229019165039062
1TBQ__R__HL,train,-17.32453155517578,-14.763657569885254
1VYT__E__A,train,-10.503296852111816,-8.703850746154785
1WRD__B__A,train,-4.622446537017822,-6.267596244812012
1XG2__B__A,train,-11.324655532836914,-11.0538911819458
1Y6N__R__L,train,-10.325489044189453,-11.622638702392578
1YX5__B__A,train,-4.714745044708252,-4.671335220336914
2ARP__F__A,train,-8.685522079467773,-9.241188049316406
2B7C__A__B,train,-8.728370666503906,-9.03007984161377
2C1T__C__A,train,-11.867544174194336,-11.328368186950684
2DSP__B__I,train,-7.534570693969727,-9.511636734008789
2F5Z__N__GH,train,-12.425433158874512,-11.897600173950195
2FYL__A__B,train,-7.575448036193848,-8.371862411499023
2H62__AB__CD,train,-7.5969953536987305,-11.094603538513184
2I5Y__QR__P,train,-11.689736366271973,-9.446239471435547
2IOU__GH__ABCDEF,train,-7.448338985443115,-8.353306770324707
2JTI__B__A,train,-8.50010871887207,-7.422330856323242
2K3U__B__A,train,-11.017277717590332,-9.171795845031738
2KA4__B__A,train,-9.872471809387207,-9.055312156677246
2KJ4__B__A,train,-9.804961204528809,-8.27663516998291
2KWJ__B__A,train,-8.596160888671875,-8.652827262878418
2L0T__B__A,train,-5.72140645980835,-6.15899658203125
2LFW__B__A,train,-11.2575101852417,-9.636895179748535
2LQC__B__A,train,-7.554656982421875,-8.634835243225098
2LXP__BC__A,train,-10.123007774353027,-10.469771385192871
2M5A__B__A,train,-9.984594345092773,-8.541287422180176
2MFQ__B__A,train,-7.208676815032959,-7.828639984130859
2MP0__B__A,train,-2.185605525970459,-3.679091453552246
2N13__BC__AD,train,-7.515143394470215,-7.034534454345703
2OMW__B__A,train,-6.821235179901123,-10.329651832580566
2P1L__H__G,train,-7.691996097564697,-8.734820365905762
2PMS__C__A,train,-10.896463394165039,-9.110838890075684
2Q7N__B__A,train,-15.00671672821045,-13.055798530578613
2RR3__B__A,train,-7.7458953857421875,-7.11887264251709
2W80__H__G,train,-11.456864356994629,-9.653761863708496
2WG3__A__C,train,-9.731340408325195,-8.275078773498535
2WP3__O__T,train,-8.322151184082031,-8.691279411315918
2XDF__CD__AB,train,-6.381648540496826,-7.0164031982421875
2Y9M__B__A,train,-11.867544174194336,-10.106510162353516
2Z58__A__B,train,-10.635505676269531,-10.92398738861084
3AA6__C__AB,train,-8.983602523803711,-9.187919616699219
6S29__B__A,train,-11.064995765686035,-11.059222221374512
3CX8__B__A,train,-8.824660301208496,-8.885730743408203
3D7U__A__B,train,-6.170323848724365,-5.422349452972412
3DVM__B__A,train,-11.411266326904297,-12.21518325805664
3G7Z__CD__AB,train,-14.596037864685059,-15.494939804077148
3GJ7__B__A,train,-7.364123344421387,-8.855561256408691
3H3G__B__A,train,-8.191436767578125,-8.36120891571045
3IDC__B__A,train,-12.580879211425781,-10.92357063293457
3MCA__B__A,train,-8.74337100982666,-7.748122215270996
3NPZ__A__BC,train,-7.5056633949279785,-8.716568946838379
3OJM__B__A,train,-9.394282341003418,-8.919754028320312
3PNR__B__A,train,-10.810911178588867,-10.353429794311523
3QC8__B__A,train,-6.75408935546875,-7.8999152183532715
3QML__C__A,train,-10.758529663085938,-9.167498588562012
3QWQ__B__A,train,-11.867544174194336,-10.535407066345215
3RDZ__C__A,train,-11.691934585571289,-12.055304527282715
3RT0__C__A,train,-8.077459335327148,-8.583624839782715
3SJA__CD__AB,train,-10.599586486816406,-9.259942054748535
3SYN__E__A,train,-8.488138198852539,-7.123822212219238
3THM__HL__F,train,-12.900226593017578,-12.528388023376465
3U43__B__A,train,-20.46370506286621,-17.966442108154297
3UKW__C__B,train,-13.586000442504883,-11.693772315979004
3V62__C__AB,train,-9.689391136169434,-8.629450798034668
3VFP__B__AC,train,-5.5767388343811035,-5.525389194488525
3VHX__BD__AC,train,-6.581003189086914,-7.988399505615234
3VXU__AC__DE,train,-7.907011985778809,-7.736500263214111
3WA5__B__A,train,-10.301830291748047,-9.850372314453125
3WQB__B__A,train,-11.92996883392334,-11.187400817871094
3ZJY__C__AB,train,-7.534570693969727,-8.45697021484375
4AFQ__C__A,train,-11.759521484375,-11.323832511901855
4AYI__D__AE,train,-11.867544174194336,-10.42483901977539
4BOH__M__HL,train,-9.897936820983887,-10.365418434143066
4DBG__B__A,train,-8.57292366027832,-8.73055648803711
4DRX__F__AB,train,-9.290069580078125,-8.045079231262207
4DZV__B__A,train,-10.857505798339844,-9.769047737121582
4EKC__B__A,train,-10.446826934814453,-9.17689037322998
4EUK__B__A,train,-7.349493503570557,-7.939455032348633
4FAO__CDEF__AB,train,-14.550439834594727,-13.243918418884277
4GEH__B__A,train,-10.820953369140625,-10.043501853942871
4H3P__B__A,train,-7.7748026847839355,-7.608589172363281
4HEM__EFG__ABC,train,-10.913975715637207,-11.67429256439209
4IHH__GHL__ABC,train,-9.862343788146973,-8.59692668914795
4IOP__B__A,train,-12.51550006866455,-12.188065528869629
4J6G__CD__AB,train,-10.624500274658203,-10.46649169921875
4JRA__D__A,train,-10.30394172668457,-10.836709976196289
4KDI__C__A,train,-8.388401985168457,-7.872255325317383
4LLO__A__B,train,-6.656742572784424,-8.059064865112305
4M0W__B__A,train,-7.058512210845947,-6.887300491333008
4MSM__B__A,train,-7.534570693969727,-7.617269039154053
4NM3__B__A,train,-5.759644508361816,-5.6571807861328125
4ODX__X__BH,train,-11.850030899047852,-11.62900447845459
4OZH__ABC__DE,train,-6.283105373382568,-7.535126686096191
4PJH__AB__EF,train,-5.046308994293213,-7.213961601257324
4PW9__B__A,train,-6.643427848815918,-7.875556945800781
4QLP__B__A,train,-13.1489839553833,-11.718417167663574
4U4C__B__A,train,-8.879390716552734,-9.494730949401855
4UU9__C__AB,train,-14.80736255645752,-14.941509246826172
4W6Y__B__A,train,-12.007205963134766,-12.394423484802246
4YDH__BD__AC,train,-7.630860805511475,-7.5491461753845215
4YPI__E__A,train,-10.521343231201172,-8.719796180725098
5AOQ__LM__AB,train,-11.442234992980957,-10.315232276916504
5B78__B__A,train,-7.811462879180908,-7.899085521697998
5D70__HL__A,train,-11.867544174194336,-12.6012544631958
5DFW__H__A,train,-12.688902854919434,-12.09382152557373
5EG3__B__A,train,-9.37192153930664,-7.929150581359863
5EQL__B__A,train,-9.778228759765625,-9.139944076538086
5F5S__B__A,train,-10.446826934814453,-8.073958396911621
5FQD__C__AB,train,-9.082579612731934,-8.7678861618042
5FZT__B__A,train,-5.8918538093566895,-6.514686584472656
5GZN__CD__BG,train,-7.187414169311523,-10.808714866638184
5IFS__BD__AC,train,-13.231790542602539,-12.80463981628418
5J7C__CD__AB,train,-13.205711364746094,-13.4268159866333
5JHL__HL__A,train,-11.689736366271973,-11.893858909606934
5JTN__EF__ABCD,train,-6.953444480895996,-7.080844879150391
5KWY__CD__AB,train,-8.686901092529297,-8.349991798400879
1E50__A__B,val,-10.709230422973633,-8.605528831481934
1FCC__A__C,val,-9.026483535766602,-9.209800720214844
1OHZ__A__B,val,-12.222831726074219,-8.984652519226074
2WPT__A__B,val,-10.668374061584473,-16.328147888183594
3NGB__HL__G,val,-11.235163688659668,-10.697426795959473
4G2V__A__B,val,-9.488483428955078,-9.618108749389648
4MYW__A__B,val,-10.52527904510498,-9.607999801635742
2P42__D__C,val,-10.595242500305176,-9.166601181030273
3G5Y__AB__E,val,-9.293904304504395,-9.705070495605469
1TET__HL__P,val,-8.240230560302734,-10.290823936462402
3F1P__A__B,val,-7.84818172454834,-7.83443546295166
3DXA__AC__DE,val,-8.898818016052246,-8.299580574035645
4KXZ__PQ__D,val,-11.627311706542969,-11.921133041381836
6BF4__BC__A,val,-9.208094596862793,-10.85971450805664
3EO1__GH__I,val,-13.099581718444824,-11.394196510314941
5N88__A__D,val,-8.17782974243164,-10.149256706237793
4U6V__HL__A,val,-15.00671672821045,-15.075385093688965
4RDQ__FG__E,val,-10.673744201660156,-10.98299789428711
2J5L__BC__A,val,-9.704584121704102,-12.164961814880371
6CBP__AA__P,val,-7.032559394836426,-9.298368453979492
5OTJ__HL__C,val,-13.328081130981445,-10.833364486694336
3SKJ__HL__E,val,-12.403072357177734,-13.149415016174316
6B5T__HL__A,val,-11.80838680267334,-11.924330711364746
5IES__HL__C,val,-8.777772903442383,-10.485952377319336
1G9I__I__E,val,-9.441706657409668,-11.299260139465332
1LW6__I__E,val,-15.960285186767578,-15.147343635559082
1QTY__XY__VW,val,-15.00671672821045,-11.108725547790527
1XR0__B__A,val,-6.821235179901123,-8.1073637008667
1Y8N__B__A,val,-8.092459678649902,-7.38405179977417
2AST__CD__AB,val,-7.032559394836426,-12.003511428833008
2BE6__A__D,val,-11.705299377441406,-12.148181915283203
2DX5__B__A,val,-4.749607086181641,-7.889337062835693
2F9Z__A__C,val,-8.247906684875488,-10.032586097717285
2IBF__BD__A,val,-11.061185836791992,-10.507425308227539
2JGZ__B__A,val,-4.092741012573242,-9.342066764831543
2LZ6__B__A,val,-6.713212490081787,-5.954904556274414
2MJW__BD__AC,val,-7.104464054107666,-9.438815116882324
2P5T__B__A,val,-12.278223037719727,-8.781289100646973
2QEJ__AB__CD,val,-12.221753120422363,-9.350117683410645
2WH6__B__A,val,-10.56572151184082,-9.72999095916748
3DXC__B__A,val,-9.082579612731934,-8.422577857971191
3F5C__A__BC,val,-8.247906684875488,-7.577628135681152
3IM4__C__AB,val,-9.984594345092773,-8.084874153137207
3LK2__T__AB,val,-9.549729347229004,-8.60584545135498
3O9W__CD__AB,val,-7.104464054107666,-7.506214141845703
3OUN__B__A,val,-9.872471809387207,-8.580270767211914
3Q4F__GH__AB,val,-7.349493503570557,-10.98901653289795
3SCM__AB__CD,val,-7.528675556182861,-8.100298881530762
3UZ0__B__A,val,-8.52901554107666,-8.340523719787598
3VFS__B__AC,val,-5.046308994293213,-5.21456241607666
4B1X__M__B,val,-7.315788745880127,-7.823871612548828
4DCN__CD__AB,val,-7.478100776672363,-8.348618507385254
4H6J__B__A,val,-9.169440269470215,-8.948540687561035
4HFF__B__A,val,-13.056181907653809,-11.05158805847168
4NOO__B__A,val,-11.334211349487305,-11.235930442810059
4PZ6__Q__A,val,-9.110142707824707,-7.27996826171875
4YIZ__A__B,val,-11.046185493469238,-11.008678436279297
5KHO__A__C,val,-8.247906684875488,-7.283176422119141
1DAN__HL__TU,val,-16.433002471923828,-11.770064353942871
1GL0__E__I,val,-11.861573219299316,-12.763487815856934
1IAR__A__B,val,-13.349920272827148,-10.528839111328125
3LB6__A__C,val,-18.818967819213867,-7.907928466796875
3MZG__A__B,val,-6.5035719871521,-8.68976879119873
4K71__A__BC,val,-11.621461868286133,-9.637299537658691
3IFP__EF__S,val,-10.383057594299316,-12.16425609588623
1PZ5__AB__C,val,-7.364123344421387,-11.151010513305664
3BGF__HL__S,val,-10.34784984588623,-12.242249488830566
1DFJ__E__I,val,-18.16889190673828,-17.019367218017578
4M8Q__AB__S,val,-11.46281909942627,-12.651784896850586
4ETQ__HL__C,val,-13.294215202331543,-12.192283630371094
5C0N__CD__B,val,-7.3451738357543945,-13.315292358398438
4RGO__HL__S,val,-11.053638458251953,-11.497769355773926
2B2X__IM__B,val,-11.956904411315918,-11.622096061706543
4YHZ__HL__P,val,-10.857505798339844,-11.656022071838379
5YY4__AA__B,val,-8.774561882019043,-7.462315559387207
5TE7__HL__G,val,-11.66607666015625,-11.168984413146973
1R6Q__A__C,val,-8.842348098754883,-9.181365013122559
4POU__B__A,val,-9.28247356414795,-10.09582805633545
5C7X__HL__A,val,-15.21804141998291,-13.45383358001709
1GLA__G__F,val,-6.76476526260376,-6.454634189605713
1FFX__B__A,val,-9.139049530029297,-9.12998104095459
1Z92__A__B,val,-10.913975715637207,-11.577139854431152
2A7U__B__A,val,-9.441706657409668,-8.840353965759277
2FEW__B__A,val,-3.3175735473632812,-9.667149543762207
2KXH__A__B,val,-6.621880531311035,-7.667603969573975
2PCC__B__A,val,-7.907011985778809,-7.014504909515381
2QIY__C__A,val,-9.446664810180664,-6.775081634521484
2ZVK__U__A,val,-8.728370666503906,-7.720786094665527
3BH6__B__A,val,-9.580119132995605,-8.094828605651855
3DXE__B__A,val,-8.842348098754883,-8.931835174560547
3FF7__AB__CD,val,-5.046308994293213,-11.406848907470703
3FXD__BD__AC,val,-10.503296852111816,-9.992884635925293
3RGV__DE__AC,val,-6.581003189086914,-7.420112609863281
3TVM__CD__AB,val,-9.938311576843262,-7.598098278045654
4CDK__E__A,val,-7.8051934242248535,-8.469626426696777
4EOZ__BD__AC,val,-8.185482025146484,-9.41374397277832
4GIQ__A__R,val,-7.74872350692749,-10.163119316101074
4HGM__B__A,val,-10.635505676269531,-8.644426345825195
4K81__B__A,val,-7.426548004150391,-6.538969993591309
4LRZ__FH__AB,val,-8.596160888671875,-6.917147636413574
4M6B__C__A,val,-11.116896629333496,-10.302620887756348
4OQT__HL__A,val,-14.053149223327637,-11.440272331237793
4QZV__A__B,val,-6.067259311676025,-11.016016006469727
4XXB__B__A,val,-7.953203201293945,-9.262118339538574
4ZGY__B__A,val,-8.396806716918945,-9.357556343078613
5CTR__C__A,val,-8.261221885681152,-8.24802303314209
5IMT__D__A,val,-8.779385566711426,-10.003293991088867
1EAW__A__B,val,-14.049643516540527,-12.253560066223145
1JCK__A__B,val,-7.53078031539917,-7.444266319274902
1MAH__A__F,val,-17.200822830200195,-12.45889663696289
3EQY__A__C,val,-11.00472640991211,-8.628409385681152
4HSA__AB__C,val,-11.738982200622559,-12.09858226776123
4KRL__A__B,val,-9.080708503723145,-11.099906921386719
4OZG__ABJ__GH,val,-6.437074661254883,-6.824441432952881
4RS1__A__B,val,-10.39251708984375,-9.387435913085938
4X4M__AB__E,val,-10.984186172485352,-8.876999855041504
5E9D__ABC__DE,val,-9.358497619628906,-8.43941879272461
1OB1__AB__C,val,-12.29981803894043,-9.979079246520996
3GHE__HL__P,val,-8.030035018920898,-10.40236759185791
3L95__AB__X,val,-11.735334396362305,-12.164505958557129
1AVZ__B__C,val,-6.586654186248779,-9.920496940612793
1NB5__AP__I,val,-13.95530891418457,-13.258354187011719
1PPE__E__I,val,-15.667327880859375,-12.726266860961914
4MJI__AC__DE,val,-5.576014041900635,-5.867429733276367
3TPU__AC__DE,val,-5.8918538093566895,-6.584674835205078
5KZP__FJ__C,val,-9.761054039001465,-10.413315773010254
6CMG__BC__A,val,-10.316776275634766,-10.870047569274902
4WV1__AB__C,val,-11.71209716796875,-13.907757759094238
4FQV__JN__CD,val,-12.221753120422363,-11.375208854675293
4X7D__C__B,val,-11.535980224609375,-9.129891395568848
5KVF__HL__E,val,-10.22482681274414,-12.325089454650879
3IDY__BC__A,val,-11.450968742370605,-10.184554100036621
6DDR__AB__C,val,-12.3148832321167,-11.755594253540039
4WEU__E__A,val,-7.154282093048096,-11.145936965942383
6F7T__AB__D,val,-12.883536338806152,-11.348227500915527
5BVP__HL__I,val,-14.346012115478516,-12.398327827453613
3U7Y__HL__G,val,-9.271259307861328,-12.20476245880127
3K75__D__B,val,-9.49325942993164,-7.656471252441406
1LM8__H__BCV,val,-9.082579612731934,-10.019293785095215
1VSQ__C__AB,val,-4.503420352935791,-7.82061767578125
1Y6K__R__L,val,-12.278223037719727,-11.845043182373047
2BYK__A__B,val,-7.691996097564697,-9.421090126037598
2NQD__A__B,val,-14.200359344482422,-10.110507011413574
2XQW__C__AB,val,-9.2014741897583,-10.324833869934082
3B08__A__B,val,-6.499916076660156,-6.059060573577881
3D5S__AB__CD,val,-10.34784984588623,-10.068346977233887
3G3B__B__A,val,-10.188907623291016,-13.217673301696777
3QIW__CD__ABE,val,-4.503420352935791,-7.13557243347168
3ZU7__B__A,val,-11.160162925720215,-10.82367992401123
4CJ1__B__A,val,-9.984594345092773,-10.700675010681152
4DXA__B__A,val,-7.8372273445129395,-9.228460311889648
4G8G__DE__AC,val,-7.28389835357666,-8.04255199432373
4GLA__D__A,val,-6.073935031890869,-11.664519309997559
4MHH__HL__E,val,-12.34064769744873,-10.268939018249512
4R8W__HL__AB,val,-13.284421920776367,-11.352500915527344
4W4O__C__AB,val,-11.427957534790039,-9.57232666015625
4ZRP__C__A,val,-11.92996883392334,-5.556339263916016
5JTL__E__ABCD,val,-8.596160888671875,-7.29797887802124
1FC2__C__D,val,-10.668374061584473,-9.156957626342773
1MHP__HL__A,val,-10.86841869354248,-12.750651359558105
1N8O__ABC__E,val,-15.54178237915039,-12.09912109375
2ABZ__B__E,val,-11.66231918334961,-12.729155540466309
2B0U__AB__C,val,-14.58869457244873,-11.658984184265137
2G2U__A__B,val,-8.108987808227539,-11.419219017028809
2VN5__A__B,val,-12.683859825134277,-9.503368377685547
3F1S__A__B,val,-11.832680702209473,-9.163166046142578
4NM8__ABCDEF__HL,val,-11.926233291625977,-8.736063957214355
5C6T__HL__A,val,-13.48023796081543,-10.403074264526367
1SY6__HL__A,val,-7.590448379516602,-11.848332405090332
2QR0__QR__P,val,-11.506378173828125,-12.224051475524902
3NFP__HL__I,val,-13.053983688354492,-11.643475532531738
1HH9__AB__C,val,-6.340785980224609,-10.603028297424316
1KXP__A__D,val,-12.423429489135742,-7.994124412536621
2NYZ__AB__D,val,-12.774020195007324,-10.981526374816895
1QA9__A__B,val,-7.206890106201172,-9.434563636779785
4M76__A__B,val,-8.654230117797852,-7.7316389083862305
1H1V__A__G,val,-10.266733169555664,-8.303178787231445
4YPG__HL__D,val,-14.128889083862305,-11.828274726867676
1G6V__K__A,val,-9.744362831115723,-11.199000358581543
2VWE__CE__A,val,-13.564837455749512,-10.810717582702637
5A2I__HH__P,val,-6.896974563598633,-8.071463584899902
4CMH__BC__A,val,-13.231790542602539,-12.417981147766113
4XI5__CD__AB,val,-12.700872421264648,-11.611878395080566
4ZFO__HL__K,val,-14.567130088806152,-11.276714324951172
5DFV__CD__A,val,-12.688902854919434,-10.857316017150879
3RVV__CD__A,val,-10.599586486816406,-11.845369338989258
6EY6__I__AB,val,-11.046185493469238,-10.205141067504883
1BRS__D__A,val,-18.944011688232422,-12.609055519104004
1D6R__I__A,val,-13.48702335357666,-11.839632034301758
1Q68__B__A,val,-8.728370666503906,-6.4395856857299805
1RY7__A__B,val,-9.056242942810059,-9.020857810974121
1ZSG__B__A,val,-6.991682529449463,-6.426009178161621
2O98__AB__PQ,val,-12.374512672424316,-8.183511734008789
2QXV__B__A,val,-8.758761405944824,-9.284221649169922
2VOF__BD__AC,val,-12.489547729492188,-9.920024871826172
2XZD__G__AB,val,-10.938162803649902,-9.984742164611816
3C9A__C__A,val,-11.068830490112305,-8.624652862548828
3F4Y__DEF__ABC,val,-13.231790542602539,-8.011068344116211
3JVF__AB__C,val,-8.91483211517334,-11.700514793395996
3O6Q__BD__AC,val,-12.73830509185791,-8.906926155090332
3P6Z__C__AB,val,-7.7898030281066895,-13.406377792358398
3S5L__G__ABC,val,-7.197391033172607,-8.553220748901367
4APX__B__A,val,-7.554656982421875,-9.284049987792969
4BXL__C__AB,val,-9.031026840209961,-8.80661678314209
4G01__B__A,val,-7.460413455963135,-9.261244773864746
4GMS__IM__C,val,-10.503296852111816,-9.11005687713623
4HMY__C__ABMS,val,-6.410555839538574,-9.329497337341309
4K1R__B__A,val,-6.809502124786377,-7.991504669189453
4KT3__A__B,val,-13.076343536376953,-10.93335247039795
4MIT__E__A,val,-9.208094596862793,-8.311290740966797
4RE1__D__A,val,-8.077459335327148,-10.093778610229492
4THN__I__HL,val,-13.70489501953125,-14.056633949279785
4Z9V__CDEFGH__AB,val,-6.713212490081787,-9.329236030578613
5CFF__FH__AC,val,-8.145395278930664,-8.071709632873535
5ITZ__ABF__D,val,-9.720176696777344,-8.928085327148438
5K22__B__A,val,-10.371088027954102,-9.592449188232422
1A22__A__B,test,-12.334439277648926,-10.955262184143066
1C4Z__ABC__D,test,-7.228275775909424,-11.276188850402832
1GCQ__AB__C,test,-6.510580539703369,-10.522086143493652
1JTD__A__B,test,-16.01441192626953,-14.49953842163086
1KBH__A__B,test,-10.183781623840332,-8.408699035644531
1LFD__A__B,test,-8.09859848022461,-7.240034103393555
2GOX__A__B,test,-12.07279109954834,-9.995711326599121
3SE9__HL__G,test,-10.539793968200684,-10.371185302734375
3VR6__ABCDEF__GH,test,-11.9937162399292,-10.338277816772461
4CVW__A__C,test,-14.14932918548584,-9.411408424377441
4P5T__CD__AB,test,-7.120307445526123,-7.3370466232299805
4UYP__A__D,test,-15.078248023986816,-10.449955940246582
4YEB__A__B,test,-10.597747802734375,-12.400420188903809
5CXB__A__B,test,-11.683855056762695,-9.170980453491211
5K39__A__B,test,-11.320324897766113,-9.872719764709473
2EH8__HL__P,test,-11.294501304626465,-10.254542350769043
1UUG__A__B,test,-17.85417938232422,-9.622291564941406
2I25__N__L,test,-12.360586166381836,-10.794175148010254
1RV6__VW__X,test,-13.953917503356934,-9.904256820678711
1JWH__CD__A,test,-11.191540718078613,-7.249749183654785
2HQS__A__H,test,-10.221593856811523,-11.56824016571045
3E3Q__AC__DE,test,-9.461792945861816,-12.230624198913574
5W08__KL__C,test,-10.092617988586426,-10.666871070861816
5C0S__HL__A,test,-11.068830490112305,-9.512072563171387
2Y06__HL__P,test,-8.3176908493042,-10.294844627380371
4R3S__AB__Q,test,-11.216632843017578,-11.272063255310059
3GJF__HL__AC,test,-9.823477745056152,-10.431958198547363
6FLB__HL__G,test,-12.278223037719727,-12.295147895812988
4QTI__HL__U,test,-10.592657089233398,-12.523175239562988
4M1D__IM__Q,test,-10.420490264892578,-11.197102546691895
5YHL__HL__A,test,-10.56572151184082,-10.786014556884766
5MYX__AB__E,test,-11.138134956359863,-10.064486503601074
3UX9__BB__A,test,-12.451045036315918,-12.462372779846191
5DO2__HL__A,test,-9.263898849487305,-13.044288635253906
6B0S__HL__C,test,-9.208094596862793,-12.823511123657227
5W0K__HL__A,test,-9.7712984085083,-12.885490417480469
2Y36__HL__P,test,-8.758761405944824,-10.622760772705078
5WHK__HL__AB,test,-11.92668628692627,-12.968474388122559
2L1L__A__B,test,-11.125300407409668,-8.456868171691895
2MRO__B__A,test,-5.2167558670043945,-5.488480567932129
2RA3__CI__AB,test,-14.596037864685059,-11.086938858032227
3CHW__P__A,test,-9.882776260375977,-8.903007507324219
3FPU__B__A,test,-13.53444766998291,-9.535147666931152
3GJN__AD__BC,test,-16.37096405029297,-13.720261573791504
3KZ0__C__A,test,-8.954695701599121,-10.159673690795898
3O40__B__A,test,-12.07886791229248,-10.45688247680664
3R0L__ABC__D,test,-11.387080192565918,-8.957239151000977
3WKN__EF__BC,test,-11.99975299835205,-9.191069602966309
3ZO0__A__B,test,-8.67595386505127,-9.942267417907715
3ZWL__E__B,test,-9.271259307861328,-10.696831703186035
4DJZ__H__AB,test,-11.125300407409668,-9.664867401123047
4DT1__B__A,test,-8.52901554107666,-9.48816204071045
4GH7__B__A,test,-11.239790916442871,-9.74626350402832
4JRY__DE__AC,test,-6.278346538543701,-8.433855056762695
4ML7__B__A,test,-13.053983688354492,-12.348199844360352
4TQ1__B__A,test,-4.714745044708252,-8.671473503112793
4WFD__C__AB,test,-8.030035018920898,-8.163148880004883
4YYP__B__A,test,-8.939695358276367,-8.454902648925781
4ZFF__C__AB,test,-11.324655532836914,-12.652588844299316
5CJS__EF__JK,test,-10.944366455078125,-12.843809127807617
5D1L__B__A,test,-9.34615707397461,-8.535398483276367
5IJ0__B__A,test,-6.960896968841553,-7.977189064025879
5IVX__ABP__EF,test,-8.550562858581543,-6.902124881744385
1A4Y__A__B,test,-20.863882064819336,-20.074918746948242
1AO7__ABC__DE,test,-7.416268348693848,-8.63553524017334
1FFW__A__B,test,-8.073395729064941,-8.632683753967285
1LP9__ABC__EF,test,-6.86077880859375,-6.448155879974365
1S1Q__A__B,test,-4.286464214324951,-8.91338062286377
2C0L__A__B,test,-9.716901779174805,-7.369099140167236
2HLE__A__B,test,-10.087539672851562,-10.063803672790527
2J12__A__B,test,-10.49801254272461,-10.133980751037598
2SIC__E__I,test,-14.651087760925293,-16.50982666015625
3QIB__ABP__CD,test,-6.631376266479492,-7.861842632293701
3W2D__A__HL,test,-12.595647811889648,-10.422706604003906
4E6K__AB__G,test,-7.3990936279296875,-8.449594497680664
4JEU__A__B,test,-12.07279109954834,-9.08265209197998
3E8U__HL__P,test,-13.143031120300293,-10.5783109664917
2VXQ__HL__A,test,-13.586000442504883,-13.84073543548584
2DD8__HL__S,test,-10.503296852111816,-12.585552215576172
1I2M__A__B,test,-15.934250831604004,-10.289010047912598
4G6J__HL__A,test,-11.436477661132812,-12.521902084350586
3SGB__E__I,test,-14.609297752380371,-9.792647361755371
1KKL__ABC__H,test,-10.090065956115723,-8.10018253326416
5D2N__AC__DE,test,-7.2685747146606445,-9.111618995666504
2VXS__JN__D,test,-11.83863639831543,-12.569720268249512
2X89__A__D,test,-10.036148071289062,-10.27370548248291
5XMH__HL__A,test,-5.178517818450928,-10.903502464294434
4X7F__D__B,test,-10.30394172668457,-10.437466621398926
5AAW__KK__L,test,-11.411266326904297,-11.22694206237793
5MES__HL__A,test,-8.824660301208496,-12.8698091506958
6CDP__AB__C,test,-11.985122680664062,-10.690263748168945
4JZJ__HL__C,test,-11.456864356994629,-11.7573881149292
5T5F__HL__A,test,-13.262181282043457,-14.945151329040527
5B71__CD__F,test,-13.394390106201172,-12.323030471801758
6DDV__AB__C,test,-11.238765716552734,-11.782072067260742
4NP4__HL__A,test,-14.626428604125977,-13.058629035949707
1DP5__B__A,test,-12.34064769744873,-11.626437187194824
1KIG__I__HL,test,-13.294215202331543,-9.916291236877441
1LZW__B__A,test,-8.842348098754883,-7.366113185882568
1T5Z__A__B,test,-6.113853931427002,-6.659177303314209
1VRC__CD__AB,test,-6.202796936035156,-8.642008781433105
2D10__E__A,test,-11.963833808898926,-7.7486348152160645
2GH0__CD__AB,test,-9.612154006958008,-10.838262557983398
2JJT__A__C,test,-8.077459335327148,-9.969826698303223
2KDE__BC__A,test,-6.890279769897461,-6.829233646392822
2LOX__B__A,test,-9.169440269470215,-8.848158836364746
2LVP__AB__C,test,-6.647832870483398,-6.65226411819458
2VSM__A__B,test,-10.171732902526855,-9.275917053222656
2WBY__CD__A,test,-10.503296852111816,-10.928444862365723
2WJV__D__A,test,-9.139049530029297,-7.259402751922607
2Y5B__B__A,test,-7.335216045379639,-7.750289440155029
3CQX__CD__AB,test,-7.294338703155518,-7.714493751525879
3GC3__B__A,test,-7.7458953857421875,-8.897162437438965
3GS2__BD__AC,test,-10.96337890625,-8.327413558959961
3H8K__B__A,test,-10.47438907623291,-8.78353214263916
3KPR__AC__DE,test,-7.945250034332275,-7.298022270202637
3M18__B__A,test,-13.294215202331543,-15.17153263092041
3O4O__A__C,test,-7.6767377853393555,-9.373560905456543
3OED__A__C,test,-8.596160888671875,-9.856400489807129
3ONA__B__A,test,-8.413981437683105,-9.064055442810059
3Q9U__C__A,test,-11.301417350769043,-9.572430610656738
3QTL__D__ABC,test,-12.066306114196777,-16.300792694091797
3R4D__A__B,test,-10.463210105895996,-9.735993385314941
3SDC__AB__CD,test,-6.781702518463135,-7.965330123901367
3T6G__B__A,test,-10.26306438446045,-10.27380657196045
3W6J__BC__A,test,-9.89326286315918,-8.706049919128418
3ZS8__CD__AB,test,-9.948675155639648,-9.055621147155762
4D0G__C__A,test,-7.8372273445129395,-8.508748054504395
4DKE__IM__B,test,-13.53444766998291,-13.681255340576172
4DVG__B__A,test,-7.534570693969727,-9.553332328796387
4HCN__B__A,test,-5.418564796447754,-8.941153526306152
4JEH__B__A,test,-11.038825035095215,-8.781855583190918
4KJY__B__A,test,-14.166409492492676,-8.6303071975708
4Q5U__C__A,test,-16.37096405029297,-11.714139938354492
4U2X__D__A,test,-12.278223037719727,-10.900543212890625
4WWI__D__A,test,-10.66589641571045,-8.354757308959961
4Z5R__VW__F,test,-14.658462524414062,-12.005379676818848
5ABV__B__A,test,-12.665664672851562,-10.196694374084473
5BRM__GLM__AF,test,-9.446664810180664,-7.966238498687744
5C0B__ABC__DE,test,-8.596160888671875,-7.184178352355957
5EO9__B__A,test,-8.774561882019043,-9.007803916931152
5JEM__AB__CD,test,-7.121920108795166,-10.491229057312012
5JSB__B__A,test,-9.309496879577637,-10.38628101348877
5JTR__EFGH__ABCD,test,-7.6425933837890625,-7.326743125915527
5LI1__B__A,test,-8.632822036743164,-7.602383613586426
1B2S__A__D,test,-13.368485450744629,-12.374983787536621
1DQJ__AB__C,test,-11.666563987731934,-8.40042781829834
1FSS__A__B,test,-12.86082935333252,-11.550747871398926
1NMB__N__HL,test,-10.011246681213379,-11.009214401245117
1YCS__A__B,test,-7.585012912750244,-9.990745544433594
2C5D__AB__CD,test,-11.318958282470703,-7.302938938140869
2J1K__C__T,test,-12.215604782104492,-9.79558277130127
2VIR__AB__C,test,-12.272046089172363,-9.856484413146973
3HFM__HL__Y,test,-14.348583221435547,-8.114790916442871
3LZF__AB__HL,test,-11.729430198669434,-12.420164108276367
3UIH__A__P,test,-5.341359615325928,-6.867125988006592
4NKQ__C__AB,test,-12.694482803344727,-11.628841400146484
4ZS6__HL__A,test,-8.871114730834961,-10.700604438781738
2QHR__HL__P,test,-10.077987670898438,-11.11400032043457
3UC0__IM__B,test,-12.610695838928223,-11.593111991882324
3B2U__FG__E,test,-12.278223037719727,-10.647257804870605
3KR3__HL__D,test,-14.065118789672852,-14.208577156066895
2XTJ__BD__A,test,-11.400394439697266,-10.253479957580566
3O6L__HL__C,test,-9.93442153930664,-11.006940841674805
1AVX__A__B,test,-12.585168838500977,-11.3787202835083
1BVN__P__T,test,-15.157116889953613,-11.273451805114746
2I9B__E__A,test,-13.021858215332031,-10.223505973815918
3H2V__A__E,test,-6.305598258972168,-8.378877639770508
1WDW__BD__A,test,-12.798068046569824,-10.386455535888672
2R56__IM__B,test,-12.12277603149414,-12.281451225280762
3DVN__AB__XY,test,-9.59913158416748,-12.272897720336914
5IP4__A__E,test,-8.657270431518555,-11.253352165222168
5U8Q__HL__A,test,-7.6667799949646,-11.008721351623535
5E7F__B__H,test,-10.969853401184082,-10.997332572937012
1F90__HL__E,test,-10.810911178588867,-9.94612979888916
4DKF__HL__A,test,-11.607884407043457,-11.983168601989746
6MFT__AB__C,test,-7.691996097564697,-11.389996528625488
1DEE__EF__H,test,-8.728370666503906,-9.957088470458984
4N9G__MN__Z,test,-12.942314147949219,-11.393826484680176
3HI1__HL__G,test,-10.846830368041992,-10.448360443115234
4HS6__AB__Z,test,-10.26306438446045,-11.538866996765137
1Z0K__A__B,test,-6.976089954376221,-8.959457397460938
1IHS__I__HL,test,-12.991559028625488,-13.450624465942383
1M5N__Q__S,test,-11.83863639831543,-8.347138404846191
1OYH__L__I,test,-10.06371021270752,-9.617549896240234
1P4L__D__ABP,test,-7.534570693969727,-10.098133087158203
1RKC__B__A,test,-10.10761833190918,-10.796013832092285
1UL1__A__X,test,-9.852385520935059,-8.660510063171387
2B2W__D__ABC,test,-7.231914520263672,-8.205153465270996
2DEN__B__A,test,-6.506845951080322,-6.64304256439209
2J59__R__F,test,-9.903938293457031,-8.338849067687988
2LD7__B__A,test,-10.96337890625,-10.164474487304688
2M49__B__A,test,-6.821235179901123,-7.876195907592773
2OT8__D__B,test,-10.503296852111816,-8.618711471557617
2QJB__AB__CD,test,-11.336625099182129,-12.476463317871094
2ZXX__AB__C,test,-11.400394439697266,-6.473830699920654
3BLH__B__A,test,-8.898818016052246,-8.960028648376465
3E2K__D__A,test,-13.862319946289062,-10.656522750854492
3FFC__DE__AC,test,-6.890279769897461,-8.130077362060547
3GJ3__B__A,test,-5.879637241363525,-9.117884635925293
3HCT__B__A,test,-7.953203201293945,-8.163886070251465
3RO2__B__A,test,-10.009810447692871,-10.494706153869629
3TNF__A__B,test,-15.00671672821045,-8.285717964172363
3VFW__B__AC,test,-5.93671178817749,-5.578815460205078
3VXR__AC__DE,test,-6.8392815589904785,-7.295309066772461
3WO3__A__B,test,-9.76957893371582,-8.92961597442627
4AOQ__D__A,test,-9.13374137878418,-12.056056022644043
4EI5__AB__CD,test,-6.486295223236084,-7.283136367797852
4ETP__B__A,test,-8.774561882019043,-10.557230949401855
4F6R__C__AB,test,-12.278223037719727,-8.1361665725708
4JMF__BC__A,test,-8.902780532836914,-10.956356048583984
4KA2__R__A,test,-15.110018730163574,-10.343273162841797
4KR0__B__A,test,-10.610136032104492,-11.191583633422852
4P2R__DE__ABC,test,-8.185482025146484,-7.853028297424316
4PBW__E__B,test,-8.538615226745605,-9.53797721862793
4PJF__AB__GH,test,-6.072258949279785,-7.702762603759766
4PS4__A__HL,test,-15.339764595031738,-11.954161643981934
4XL5__C__A,test,-12.07886791229248,-12.865107536315918
4Y5O__B__A,test,-7.9861273765563965,-10.292658805847168
4YN0__B__A,test,-9.646018981933594,-8.067451477050781
5EE4__CD__A,test,-7.114098072052002,-11.70213794708252
5J56__B__A,test,-11.58907413482666,-12.677006721496582
1B41__A__B,test,-13.672248840332031,-13.330445289611816
1CSE__E__I,test,-16.07688331604004,-14.017510414123535
1EFN__A__B,test,-8.754354476928711,-9.780508041381836
1JRH__HL__I,test,-10.700830459594727,-11.536988258361816
1KAC__A__B,test,-8.914417266845703,-9.666102409362793
2BNQ__ABC__DE,test,-7.1506829261779785,-7.123126983642578
2JEL__HL__P,test,-11.621461868286133,-11.577364921569824
3BDY__HL__V,test,-8.894340515136719,-12.596694946289062
3M62__A__B,test,-9.756142616271973,-9.93910026550293
3PWP__ABC__DE,test,-5.254988193511963,-7.721305847167969
3IU3__AB__K,test,-13.443115234375,-13.675124168395996
3H3P__IM__T,test,-10.714621543884277,-12.03441047668457
3GGW__AB__E,test,-7.554656982421875,-10.079035758972168
3MXW__HL__A,test,-12.69899845123291,-15.25603199005127
3G5V__AB__C,test,-9.646018981933594,-9.574356079101562
1T6B__X__Y,test,-13.193973541259766,-8.719624519348145
1WQ1__R__G,test,-6.659614086151123,-9.272479057312012
1F34__A__B,test,-14.283068656921387,-9.509977340698242
4PRI__AC__DE,test,-5.498712539672852,-7.858468055725098
4F3F__AB__C,test,-12.472856521606445,-12.675210952758789
5KOV__CC__A,test,-11.907363891601562,-12.117110252380371
6BLI__DE__F,test,-12.665664672851562,-12.2310152053833
2JIX__HL__E,test,-10.26306438446045,-11.055937767028809
5WI9__HL__A,test,-13.731830596923828,-11.808548927307129
5GZO__CD__B,test,-9.258075714111328,-11.960837364196777
5WT9__HL__G,test,-12.058076858520508,-11.999791145324707
4I18__HL__C,test,-11.2575101852417,-13.536303520202637
3UYR__HL__P,test,-9.40811538696289,-10.179421424865723
3ZKQ__D__A,test,-12.17020034790039,-11.092239379882812
5DD0__HL__P,test,-9.655150413513184,-11.028520584106445
5JQ6__HL__A,test,-12.417884826660156,-12.287050247192383
5CBA__AB__E,test,-12.86410903930664,-13.341068267822266
1FLE__E__I,test,-12.278223037719727,-10.765334129333496
1L2W__EF__K,test,-12.991559028625488,-10.675849914550781
1OZS__B__A,test,-6.1508965492248535,-7.828678131103516
1V18__B__A,test,-10.913975715637207,-10.99023151397705
2J8S__DE__ABC,test,-10.30394172668457,-11.664498329162598
2V5Q__D__A,test,-9.752649307250977,-9.41787338256836
2WY3__B__A,test,-9.795915603637695,-11.076815605163574
3BPL__C__AB,test,-8.530075073242188,-10.64954662322998
3EAB__A__G,test,-6.713212490081787,-7.259426116943359
3FJU__B__A,test,-11.99975299835205,-12.667279243469238
3HE7__A__CD,test,-8.906770706176758,-8.116991996765137
3K9M__C__A,test,-11.867544174194336,-11.338190078735352
3KW5__B__A,test,-8.751015663146973,-7.366053104400635
3LB8__C__A,test,-5.703174591064453,-9.237354278564453
3ORV__AB__CDEF,test,-6.857895374298096,-7.694357395172119
3TQ7__PQ__AB,test,-7.945250034332275,-9.4850492477417
3UYO__D__A,test,-7.049734115600586,-8.964812278747559
3ZV0__CD__AB,test,-5.400518417358398,-12.51595687866211
4C7N__B__A,test,-12.278223037719727,-7.749995231628418
4CMM__B__A,test,-8.3176908493042,-9.902263641357422
4DID__B__A,test,-7.123891353607178,-8.506875991821289
4P46__CD__AB,test,-6.132085800170898,-7.907761096954346
4PC0__C__A,test,-9.139049530029297,-10.640157699584961
4PJ9__AB__CD,test,-7.6667799949646,-7.252557277679443
4X7S__L__H,test,-10.913975715637207,-11.232366561889648
4XNM__C__HL,test,-11.046185493469238,-12.669550895690918
4ZKC__B__A,test,-13.175320625305176,-8.63068675994873
4ZW2__B__A,test,-11.336625099182129,-8.557183265686035
5C07__ABC__DE,test,-6.999635219573975,-7.194955348968506
5CZV__HL__A,test,-12.991559028625488,-13.72559928894043
5E3E__B__A,test,-10.079434394836426,-9.3950834274292
5HK5__ABCD__EFGH,test,-9.32551097869873,-12.700679779052734
5L6Y__HL__C,test,-13.96521282196045,-11.935153007507324
