tag,model_family,mode,supervision_mode,target_policy,latent_dim,hidden_dim,num_layers,n_complexes,n_total_fits,val_fraction_of_trainval,records_path,summary_source,train_rmse_mean,train_rmse_std,train_rmse_min,train_rmse_max,val_rmse_mean,val_rmse_std,val_rmse_min,val_rmse_max,test_rmse_mean,test_rmse_std,test_rmse_min,test_rmse_max,train_r2_mean,train_r2_std,train_r2_min,train_r2_max,val_r2_mean,val_r2_std,val_r2_min,val_r2_max,test_r2_mean,test_r2_std,test_r2_min,test_r2_max,train_pearson_r_mean,train_pearson_r_std,train_pearson_r_min,train_pearson_r_max,val_pearson_r_mean,val_pearson_r_std,val_pearson_r_min,val_pearson_r_max,test_pearson_r_mean,test_pearson_r_std,test_pearson_r_min,test_pearson_r_max,test_train_rmse_gap_mean,test_train_rmse_gap_std,test_train_rmse_gap_min,test_train_rmse_gap_max,train_val_rmse_gap_mean,train_val_rmse_gap_std,train_val_rmse_gap_min,train_val_rmse_gap_max
full_base_S,supervised_baseline,S,supervised,,,128,3,1437,10,0.1875,src/bridging/generatedData/graphvae/PPB_Affinity_broad_pairuniq_train80_test20_views_force_mdiface_v3/md_closest_pair_patch/graph_records_full.pt,graphvae_resample_matrix_v1_summaries/src/bridging/generatedData/graphvae/PPB_Affinity_broad_pairuniq_train80_test20_resample_matrix_v1/full_base_S/resample_summary.json,1.5358168612720027,0.14934338277289608,1.2327868888581603,1.7016620165440712,2.2728465426869664,0.17746271543437392,1.967300326928359,2.5869949258377396,2.3378841572333955,0.10673646765631159,2.104499235286485,2.4369133676948755,0.6628889013381432,0.061090881681806264,0.5978983274043171,0.7783024545226702,0.2552551883883848,0.04964025348019048,0.12984886774076654,0.32478356100432104,0.2146241773770962,0.08914518866296052,0.06942338996845332,0.3376529823119002,0.8224952972320271,0.034475854406839125,0.7778800973206251,0.8842042611249272,0.5337074505446363,0.04249426479005123,0.4350659220290803,0.6072471409865601,0.506382468679272,0.05667709541591946,0.44173593507699077,0.5937934081135663,0.8020672959613926,0.16716661870303384,0.43580882238645646,1.0218206613879621,0.7370296814149643,0.2929911617780414,0.30845933426202676,1.1936280341396874
full_base_SD,supervised_baseline,SD,supervised,,,128,3,1437,10,0.1875,src/bridging/generatedData/graphvae/PPB_Affinity_broad_pairuniq_train80_test20_views_force_mdiface_v3/md_closest_pair_patch/graph_records_full.pt,graphvae_resample_matrix_v1_summaries/src/bridging/generatedData/graphvae/PPB_Affinity_broad_pairuniq_train80_test20_resample_matrix_v1/full_base_SD/resample_summary.json,1.5659353110750727,0.2668395824093397,1.2722429126958665,2.069740474953149,2.2983142815750783,0.21274628851198493,2.074698818519835,2.6924507451071524,2.4072864904179645,0.1289913099139471,2.141547344028343,2.581709962803404,0.6449936211471672,0.11611052127588786,0.41538232207887016,0.7727565679285591,0.23668351968343498,0.09082253389640259,0.057461562257918875,0.3401055941836647,0.16848878234998121,0.08755329933742914,0.029735406765163952,0.3141274836695701,0.8077355627640135,0.0768557107566681,0.6478747255347592,0.8860486548752823,0.519104469404134,0.06983624656874997,0.3933821625884981,0.5999976028696881,0.48021969082039045,0.04935565273776725,0.4153564149951012,0.5769867520811207,0.841351179342892,0.26039496244128785,0.40485709906747114,1.1402385395282755,0.7323789705000052,0.42362265424508144,0.0059193274276836405,1.3514951794140988
full_S_semi_shared_static_z32,vae_ridge,S,semi_supervised,shared_static,32,128,3,1437,10,0.1875,src/bridging/generatedData/graphvae/PPB_Affinity_broad_pairuniq_train80_test20_views_force_mdiface_v3/md_closest_pair_patch/graph_records_full.pt,graphvae_resample_matrix_v1_summaries/src/bridging/generatedData/graphvae/PPB_Affinity_broad_pairuniq_train80_test20_resample_matrix_v1/full_S_semi_shared_static_z32/resample_summary.json,1.6840809719019496,0.21713994734419012,1.2818288325122387,2.019512311835615,2.3946399591167107,0.2189590543382611,2.0275911591816307,2.784103504530535,2.4292307129263437,0.08089355844443544,2.295585726084574,2.548656761061082,0.5923037106846312,0.09642033329827818,0.4434128587385461,0.7700763435677869,0.17235724636218114,0.0879736862664909,-0.007799851080314557,0.3402064297667152,0.15372458369689665,0.06736646611902938,0.06322067913747909,0.22925804883639855,0.7677889268950057,0.06167957266052852,0.6672174898378109,0.877618287899317,0.4685423438326876,0.07620133376609232,0.30660697241172113,0.6048076330100278,0.4648971864548761,0.03625797336246258,0.4101654485132404,0.5128021411158045,0.7451497410243941,0.26284175880302013,0.4157409878199525,1.2137971102506557,0.7105589872147613,0.3165246902089304,0.08097933290180892,1.0666889346478037
full_SD_semi_shared_static_z8,vae_ridge,SD,semi_supervised,shared_static,8,128,3,1437,10,0.1875,src/bridging/generatedData/graphvae/PPB_Affinity_broad_pairuniq_train80_test20_views_force_mdiface_v3/md_closest_pair_patch/graph_records_full.pt,graphvae_resample_matrix_v1_summaries/src/bridging/generatedData/graphvae/PPB_Affinity_broad_pairuniq_train80_test20_resample_matrix_v1/full_SD_semi_shared_static_z8/resample_summary.json,1.306075971323319,0.24778751986934314,1.0150365924534877,1.894272302936261,2.4135086781581783,0.19694181267049826,2.046524437897386,2.665100290169285,2.436412326727348,0.10647219619334537,2.3055148296912975,2.658547947361741,0.7504877378716379,0.09863468158988668,0.5103057811590543,0.8618461434704774,0.16111201407734818,0.04780727113337778,0.07651329178276645,0.24110181082390758,0.14782231101832327,0.08599403238373403,0.0021984915341968225,0.27012829684014783,0.8644736082191479,0.06010322095430236,0.7145194691291268,0.9283807680181987,0.4768373803485539,0.04923980443694151,0.391787946370748,0.5717886836377295,0.47486160178013403,0.05292728478851827,0.3742718021787003,0.5510261930170888,1.130336355404029,0.28254042261109685,0.5430951176522547,1.5657670292988157,1.1074327068348597,0.3666331221912028,0.15225213496112522,1.4653913543315673
full_S_semi_shared_static_z8,vae_ridge,S,semi_supervised,shared_static,8,128,3,1437,10,0.1875,src/bridging/generatedData/graphvae/PPB_Affinity_broad_pairuniq_train80_test20_views_force_mdiface_v3/md_closest_pair_patch/graph_records_full.pt,graphvae_resample_matrix_v1_summaries/src/bridging/generatedData/graphvae/PPB_Affinity_broad_pairuniq_train80_test20_resample_matrix_v1/full_S_semi_shared_static_z8/resample_summary.json,1.7486416642564884,0.25307702841291924,1.3210326346792183,2.1381224078161543,2.39742682501025,0.15510393151708962,2.1215328719533284,2.5894996585475774,2.440726199298642,0.09612804697817134,2.3242488908968078,2.6662716733249723,0.5580802183412831,0.12297478749681313,0.3398396021692094,0.761337460253183,0.1692377214861199,0.06484441775727659,0.05096675855792687,0.27765140609538774,0.14505538592618322,0.07896161733621589,0.009273893344410533,0.2876028828962447,0.7430329524620283,0.08374428020112228,0.5831962470362708,0.872684015529404,0.4671655722388234,0.05273769872839911,0.4052116057696518,0.5650386114640595,0.45069303767903746,0.05493560752502526,0.3948994694306561,0.5451060103097248,0.6920845350421534,0.2564052616549775,0.3185093479804961,1.1322939114923596,0.6487851607537618,0.3126819643833357,0.267478045838909,1.178702630322479
full_S_semi_shared_static_z16,vae_ridge,S,semi_supervised,shared_static,16,128,3,1437,10,0.1875,src/bridging/generatedData/graphvae/PPB_Affinity_broad_pairuniq_train80_test20_views_force_mdiface_v3/md_closest_pair_patch/graph_records_full.pt,graphvae_resample_matrix_v1_summaries/src/bridging/generatedData/graphvae/PPB_Affinity_broad_pairuniq_train80_test20_resample_matrix_v1/full_S_semi_shared_static_z16/resample_summary.json,1.7827143132363594,0.17935331788122483,1.3512217251001555,1.986321575620615,2.393331013675122,0.19795169971899584,2.046749125597514,2.715687466437233,2.4407313289572046,0.11639410236404565,2.310124160767868,2.650567136607696,0.5457155797308503,0.08167222057700088,0.4530992607255757,0.7336589486990401,0.17220972707932097,0.08661672542793634,0.04112253611946792,0.32767922989214604,0.14382988858389495,0.10070926624388027,-0.05343510064427193,0.2671779769898198,0.7372571529073958,0.05342768787017064,0.6737340106149856,0.8565839480788113,0.46394652628234156,0.07673982282565905,0.3239128597525884,0.5848993301529654,0.4498544900176317,0.07577522063432504,0.2910323022590287,0.5251136659507099,0.658017015720845,0.1849397435538825,0.4194234866298765,1.0281430812303973,0.610616700438762,0.26299308526848647,0.21081426366380507,1.0753454441158181
full_SD_semi_sd_static_plus_dynamic_all_z16,vae_ridge,SD,semi_supervised,sd_static_plus_dynamic_all,16,128,3,1437,10,0.1875,src/bridging/generatedData/graphvae/PPB_Affinity_broad_pairuniq_train80_test20_views_force_mdiface_v3/md_closest_pair_patch/graph_records_full.pt,graphvae_resample_matrix_v1_summaries/src/bridging/generatedData/graphvae/PPB_Affinity_broad_pairuniq_train80_test20_resample_matrix_v1/full_SD_semi_sd_static_plus_dynamic_all_z16/resample_summary.json,1.5467858792956493,0.30262463248885413,1.1577750471921018,2.113388153277017,2.4813324141660495,0.15527176618436514,2.2387804893382013,2.7527876560311983,2.4419475699549418,0.10361279899351265,2.2815112760765586,2.551434974204668,0.6514923666689125,0.13006857929376198,0.39046493347573197,0.8124262954525374,0.10984925535526258,0.0692495536844436,0.01474429063625049,0.2140127118208517,0.14371321712920718,0.08910770888585526,-0.034837101179158614,0.2852471009480063,0.8033858981547762,0.08463263729059559,0.6255536792766068,0.9013975200199212,0.42740562602948035,0.06116448349241976,0.3399260683643829,0.5193162426931318,0.45028767707601636,0.058176443564738514,0.341715248764903,0.5555366215298233,0.8951616906592921,0.32825878893499927,0.40499508531704365,1.3258594208075567,0.9345465348704002,0.36876253101190637,0.12539233606118438,1.334032534727314
full_SD_semi_shared_static_z32,vae_ridge,SD,semi_supervised,shared_static,32,128,3,1437,10,0.1875,src/bridging/generatedData/graphvae/PPB_Affinity_broad_pairuniq_train80_test20_views_force_mdiface_v3/md_closest_pair_patch/graph_records_full.pt,graphvae_resample_matrix_v1_summaries/src/bridging/generatedData/graphvae/PPB_Affinity_broad_pairuniq_train80_test20_resample_matrix_v1/full_SD_semi_shared_static_z32/resample_summary.json,1.2254197888965375,0.33661929179905364,0.8522983440975886,1.9409219223186194,2.3637560406271563,0.1861830692349158,2.0515529172321503,2.6463004970989115,2.442336565395473,0.08892322335455756,2.3338809372758713,2.6038710398060716,0.7742620499125304,0.1251451389671363,0.48588971878311393,0.8940336048323945,0.19130156806640627,0.09532383685737347,-0.015971010282728182,0.32451960573784855,0.14425128900247836,0.07576978591508254,-0.02044969399734642,0.25205772674392124,0.8773181753623772,0.07501023323969012,0.6990219906416693,0.9455767513675307,0.49841922570609276,0.06314055366344619,0.3902068291439831,0.6162103088944664,0.4668777803139945,0.03420819829743014,0.39230014485054754,0.5167794698835745,1.216916776498936,0.36200865018323686,0.5554422693870527,1.6441489085294436,1.1383362517306184,0.411220101208442,0.17164183090585916,1.6443299327209016
full_SD_semi_shared_static_z16,vae_ridge,SD,semi_supervised,shared_static,16,128,3,1437,10,0.1875,src/bridging/generatedData/graphvae/PPB_Affinity_broad_pairuniq_train80_test20_views_force_mdiface_v3/md_closest_pair_patch/graph_records_full.pt,graphvae_resample_matrix_v1_summaries/src/bridging/generatedData/graphvae/PPB_Affinity_broad_pairuniq_train80_test20_resample_matrix_v1/full_SD_semi_shared_static_z16/resample_summary.json,1.3204184472494604,0.22641720658241518,0.920476845974809,1.6397003163470976,2.384123510092082,0.13759438355172027,2.1575180793747393,2.5826912024531783,2.4515861802581167,0.08432718966903961,2.3278721959458086,2.546672812882315,0.7466825070281248,0.08083767122439464,0.6330819140942188,0.8825548389923431,0.1736751728526643,0.1140271943502787,-0.10656542065049068,0.2745465520331547,0.13544049346895318,0.10143140089220545,-0.03441954253834134,0.23109653581873402,0.8631587426588002,0.046854094854230706,0.7958128230607522,0.9395646320223434,0.4869807865952695,0.07471108673230109,0.3197577480172903,0.5537498410482841,0.46293291375428824,0.05447180371806036,0.3909936284760952,0.5325338567513136,1.1311677330086565,0.20224111164953046,0.8202947887490859,1.5109071051163863,1.063705062842622,0.28774018427152237,0.6808812281962624,1.4979050396633165
full_SD_semi_sd_static_plus_dynamic_all_z32,vae_ridge,SD,semi_supervised,sd_static_plus_dynamic_all,32,128,3,1437,10,0.1875,src/bridging/generatedData/graphvae/PPB_Affinity_broad_pairuniq_train80_test20_views_force_mdiface_v3/md_closest_pair_patch/graph_records_full.pt,graphvae_resample_matrix_v1_summaries/src/bridging/generatedData/graphvae/PPB_Affinity_broad_pairuniq_train80_test20_resample_matrix_v1/full_SD_semi_sd_static_plus_dynamic_all_z32/resample_summary.json,1.6160039705439702,0.22988960617356483,1.3515829959250656,1.9399924305673772,2.4267630973292067,0.18099145987413964,2.188609791972378,2.6565802249692063,2.4687499084517435,0.08643287395509529,2.304907837343265,2.5819915813872405,0.622740841284018,0.1065513625644725,0.47831366464357106,0.7443716458150307,0.14763401160055928,0.09268457950668767,-0.0145641916335435,0.25155216786249646,0.12331457182909641,0.10110253282646992,-0.025291276563609077,0.2705125652156888,0.7867069683874361,0.06830083305858527,0.6920776577883059,0.8628502997084869,0.4466893029563236,0.07742479534553652,0.3367293555333707,0.5360015029219747,0.4411035056868253,0.059940029404597465,0.34288883007590015,0.5342192048212644,0.8527459379077733,0.24343953456818299,0.4660712884610092,1.1494896369407515,0.8107591267852363,0.23986454067236287,0.39635794810164793,1.275684861114534
full_SD_semi_sd_dynamic_all_z32,vae_ridge,SD,semi_supervised,sd_dynamic_all,32,128,3,1437,10,0.1875,src/bridging/generatedData/graphvae/PPB_Affinity_broad_pairuniq_train80_test20_views_force_mdiface_v3/md_closest_pair_patch/graph_records_full.pt,graphvae_resample_matrix_v1_summaries/src/bridging/generatedData/graphvae/PPB_Affinity_broad_pairuniq_train80_test20_resample_matrix_v1/full_SD_semi_sd_dynamic_all_z32/resample_summary.json,1.4587145847212426,0.1482041218640288,1.2717941466040852,1.672680579937948,2.4300804780390943,0.1730137884925893,2.156534501984359,2.7140574280738523,2.473986841361742,0.10669267217644468,2.382558716137977,2.686496078906257,0.6941735227335929,0.06812491620865019,0.5918583643822497,0.7831131315078408,0.14643424233152685,0.07448067668188424,0.04227328559928778,0.2557661012696625,0.12313493945781775,0.06422394676082144,0.017686196540869115,0.24593922430605453,0.8324356113738114,0.041200760733606144,0.7698653276863378,0.8850363671060811,0.4640809115693914,0.0584289524718022,0.36988525667219263,0.5408007849151218,0.45080795896473286,0.031178507160585414,0.39814116110105224,0.5019166960778669,1.0152722566405,0.18574748419997303,0.7763898508708209,1.2843014765936556,0.971365893317852,0.23157195962768362,0.7348220183537246,1.4079815092096424
full_SD_semi_sd_dynamic_all_z8,vae_ridge,SD,semi_supervised,sd_dynamic_all,8,128,3,1437,10,0.1875,src/bridging/generatedData/graphvae/PPB_Affinity_broad_pairuniq_train80_test20_views_force_mdiface_v3/md_closest_pair_patch/graph_records_full.pt,graphvae_resample_matrix_v1_summaries/src/bridging/generatedData/graphvae/PPB_Affinity_broad_pairuniq_train80_test20_resample_matrix_v1/full_SD_semi_sd_dynamic_all_z8/resample_summary.json,1.5587901832895974,0.28842586864030034,1.0316662992776342,1.8894540683158518,2.4308337962338076,0.1630770194763265,2.195298083065077,2.6763405021594258,2.5168364571941924,0.11631659317939444,2.3549786478560555,2.7471442553035144,0.6430277557893749,0.12746777702516307,0.4833064503804657,0.8524674399869847,0.14618323129347513,0.0655980797303039,0.05321248072893103,0.24787594790568346,0.09197563079095045,0.07966443231147512,-0.08262139971162541,0.17222225202314878,0.7984671568353175,0.07944152056097697,0.6953251857421209,0.9233125296936934,0.4579938229358821,0.04403934920959699,0.374954013079268,0.5167285469571792,0.42015257809828715,0.030531693202087186,0.3662373174795114,0.4675698727216419,0.9580462739045952,0.3021551681596597,0.46552457954020365,1.3846104683801168,0.8720436129442101,0.38163564426149893,0.372255696846155,1.475095907888977
full_SD_semi_sd_static_plus_dynamic_all_z8,vae_ridge,SD,semi_supervised,sd_static_plus_dynamic_all,8,128,3,1437,10,0.1875,src/bridging/generatedData/graphvae/PPB_Affinity_broad_pairuniq_train80_test20_views_force_mdiface_v3/md_closest_pair_patch/graph_records_full.pt,graphvae_resample_matrix_v1_summaries/src/bridging/generatedData/graphvae/PPB_Affinity_broad_pairuniq_train80_test20_resample_matrix_v1/full_SD_semi_sd_static_plus_dynamic_all_z8/resample_summary.json,1.7458582973679289,0.20456899883029445,1.4436054024249085,2.0742377964464547,2.491283669264337,0.1586004677280718,2.2090250796338515,2.736180137685029,2.527718348390672,0.11676904480940488,2.4032510176595254,2.735443590713125,0.5612430565716146,0.1069284592079067,0.3859586479791094,0.714993895518653,0.1010029345066074,0.09351516806676574,-0.0833549068302879,0.2221443744482755,0.08182047544560081,0.1057015113869086,-0.12198149398798286,0.21514888459393988,0.746047977348864,0.07328987798694667,0.6212847477151476,0.8456640757725028,0.41062638917764166,0.07262180652094437,0.3034296998759394,0.5296546113001112,0.40916122691499596,0.052283909102368964,0.30791966583820085,0.47248233777365056,0.7818600510227436,0.2548428923020062,0.3636509439340636,1.1470623297336051,0.7454253718964087,0.24956471126202145,0.27405698701519254,1.0496658205250455
full_SD_semi_sd_dynamic_all_z16,vae_ridge,SD,semi_supervised,sd_dynamic_all,16,128,3,1437,10,0.1875,src/bridging/generatedData/graphvae/PPB_Affinity_broad_pairuniq_train80_test20_views_force_mdiface_v3/md_closest_pair_patch/graph_records_full.pt,graphvae_resample_matrix_v1_summaries/src/bridging/generatedData/graphvae/PPB_Affinity_broad_pairuniq_train80_test20_resample_matrix_v1/full_SD_semi_sd_dynamic_all_z16/resample_summary.json,1.49145556793563,0.17620585524542504,1.206133895375509,1.8688128214382425,2.438470250031256,0.12508128900290127,2.259070388777234,2.6326088764140616,2.5542707452715114,0.14859954929480754,2.3920057607337735,2.8449337709399076,0.6804559493622936,0.07489105141855354,0.5233805420582955,0.7964295999883032,0.1398385830422687,0.06034123249922108,-0.002593890920787656,0.2123474139467214,0.06289166396727072,0.11210439281287722,-0.14864373944006393,0.22451187486275126,0.8239219528933616,0.04624932617364723,0.7235495043475539,0.8924886791387943,0.4532828366303791,0.037943750077251495,0.3903841839860967,0.49520459446733267,0.3953994024961317,0.06889035448987668,0.25702595377350634,0.49171607962492564,1.0628151773358812,0.17388759752337676,0.8259052047186659,1.3394482418175742,0.9470146820956252,0.2373743987764225,0.3902575673389914,1.2146920142513602
iface_base_S,supervised_baseline,S,supervised,,,128,3,1437,10,0.1875,src/bridging/generatedData/graphvae/PPB_Affinity_broad_pairuniq_train80_test20_views_force_mdiface_v3/md_closest_pair_patch/graph_records_interface.pt,graphvae_resample_matrix_v1_summaries/src/bridging/generatedData/graphvae/PPB_Affinity_broad_pairuniq_train80_test20_resample_matrix_v1/iface_base_S/resample_summary.json,1.769282299228821,0.39950070897526224,0.9003833313977981,2.1839412467060093,2.4863771959732963,0.15866832485683252,2.2334815749927825,2.7868746551544312,2.578236703098974,0.11196171943993274,2.359350847362589,2.71789983386293,0.5372420769141322,0.17597186468913892,0.3112426613775623,0.8865567975263449,0.10604558965634361,0.07428495360630764,-0.022565860934452786,0.199406519095763,0.04704123012299587,0.08199474413470673,-0.10763599646455058,0.1531039807490785,0.737896021311381,0.11808778468943387,0.5675020267958183,0.9501799228530473,0.3864844267089582,0.06370984878922488,0.2500850532459277,0.4832114237497719,0.34505767671699317,0.05724292968473338,0.22298960729401088,0.4168581703591789,0.8089544038701533,0.4737288780405361,0.2988529584152886,1.8175165024651316,0.7170948967444748,0.4764392533893604,0.1226138887484538,1.6396583640927638
iface_base_SD,supervised_baseline,SD,supervised,,,128,3,1437,10,0.1875,src/bridging/generatedData/graphvae/PPB_Affinity_broad_pairuniq_train80_test20_views_force_mdiface_v3/md_closest_pair_patch/graph_records_interface.pt,graphvae_resample_matrix_v1_summaries/src/bridging/generatedData/graphvae/PPB_Affinity_broad_pairuniq_train80_test20_resample_matrix_v1/iface_base_SD/resample_summary.json,1.8874730664698665,0.22768217490074905,1.3593753845120633,2.1001266996165207,2.5445063421859118,0.16500020607348662,2.286917879816808,2.8162845602297555,2.5828878491415574,0.1366905117730208,2.354174538087578,2.8466454440928968,0.4865635670050339,0.117394726049762,0.35660769303550033,0.7414155600029524,0.06437735517571694,0.06927438637726653,-0.027464127212892153,0.15601615522490653,0.0462806107143512,0.04892436297763045,-0.02184803581088568,0.11552464243635141,0.7037390184989649,0.08121412620025502,0.6044874531879576,0.8702112309506276,0.34675556069188257,0.07298912684340127,0.23732972850514328,0.4436904642780909,0.3347279500734108,0.03778727657659712,0.25753268405124446,0.37327696864820853,0.6954147826716917,0.2497266838362118,0.43164046501041553,1.228697704984523,0.6570332757160458,0.24020048749417086,0.2611245668684914,1.0899789950871848
full_S_unsup_shared_static_z32,vae_ridge,S,unsupervised,shared_static,32,128,3,1437,10,0.1875,src/bridging/generatedData/graphvae/PPB_Affinity_broad_pairuniq_train80_test20_views_force_mdiface_v3/md_closest_pair_patch/graph_records_full.pt,graphvae_resample_matrix_v1_summaries/src/bridging/generatedData/graphvae/PPB_Affinity_broad_pairuniq_train80_test20_resample_matrix_v1/full_S_unsup_shared_static_z32/resample_summary.json,2.5288899042054007,0.07032180121341879,2.419997420546952,2.6584986087989333,2.580548659893268,0.1697289189530745,2.1852774644120236,2.7546006646509444,2.5905660695669304,0.12451661866437225,2.431874844247207,2.8292404585800868,0.0926685714707327,0.03307773830347299,0.05229648942785359,0.1568779391412335,0.03959582063394301,0.04171241924427789,-0.040985903517495315,0.11303444019902398,0.04014740320012444,0.050104323493684835,-0.04280498861201942,0.10197766891108051,0.31135219592422436,0.04893424478148799,0.2381154417080297,0.39977406003531585,0.21426970383217356,0.07566499931293774,0.10162965583185807,0.33807179535802895,0.22706879262240626,0.084665653393741,0.08347509766673139,0.3531673067388651,0.061676165361529825,0.16363328331986393,-0.1419390314504514,0.3431516731169322,0.05165875568786675,0.20974344384987872,-0.38595937650387313,0.2750895435637615
iface_S_semi_shared_static_z8,vae_ridge,S,semi_supervised,shared_static,8,128,3,1437,10,0.1875,src/bridging/generatedData/graphvae/PPB_Affinity_broad_pairuniq_train80_test20_views_force_mdiface_v3/md_closest_pair_patch/graph_records_interface.pt,graphvae_resample_matrix_v1_summaries/src/bridging/generatedData/graphvae/PPB_Affinity_broad_pairuniq_train80_test20_resample_matrix_v1/iface_S_semi_shared_static_z8/resample_summary.json,1.8022738176638726,0.36302762684473294,0.8999244396260299,2.2010641974197807,2.5773311582709195,0.17744885641752456,2.2693142840954956,2.8125474743045116,2.6041235146980966,0.10188256123657398,2.461274984433041,2.7691584304240076,0.523661613970366,0.15793496898500092,0.33744401094564613,0.8811145017494462,0.0397407628208602,0.08204455325160874,-0.03641128287386519,0.18624912216405798,0.02820464514704111,0.07183422514354225,-0.0764161298901671,0.12823077488592194,0.7168983174106487,0.1050340164675471,0.5815305729373552,0.9386993528775356,0.3437164285997715,0.06400423015039303,0.2751642101713931,0.4564286155130822,0.3402491140634332,0.06112666976017669,0.2355019657724656,0.40750745128191374,0.8018496970342242,0.4083916326879349,0.3561591035349889,1.7720083187493323,0.7750573406070468,0.4401889590784555,0.3832857571398103,1.9126230346784818
full_S_unsup_shared_static_z16,vae_ridge,S,unsupervised,shared_static,16,128,3,1437,10,0.1875,src/bridging/generatedData/graphvae/PPB_Affinity_broad_pairuniq_train80_test20_views_force_mdiface_v3/md_closest_pair_patch/graph_records_full.pt,graphvae_resample_matrix_v1_summaries/src/bridging/generatedData/graphvae/PPB_Affinity_broad_pairuniq_train80_test20_resample_matrix_v1/full_S_unsup_shared_static_z16/resample_summary.json,2.5858195702414517,0.05520391522071966,2.5078735570770214,2.660959447452074,2.597317293801887,0.17506500901874186,2.2170411898871496,2.8252165889062524,2.605247027206574,0.140311929414222,2.460774478452822,2.9068099250164536,0.05158958284301789,0.012922825179271508,0.0267078313880158,0.0695310228090189,0.027794426210834656,0.02370502569473895,-0.0023243895116369373,0.074181559433111,0.030303108099877983,0.03513085425410614,-0.0297689028567083,0.09350238888005458,0.23666581109961218,0.030062294234561984,0.17083633570688275,0.2730742030731355,0.17614665220789955,0.07753321233014802,0.05505571620744462,0.34276037975956936,0.1910338233389287,0.08453347567325876,0.02794693636529223,0.3221849044424956,0.019427456965122315,0.17854277986999414,-0.2001849689992521,0.3989363679394322,0.011497723560435524,0.21318003281325174,-0.4368786624296148,0.22906859742945507
full_S_unsup_shared_static_z8,vae_ridge,S,unsupervised,shared_static,8,128,3,1437,10,0.1875,src/bridging/generatedData/graphvae/PPB_Affinity_broad_pairuniq_train80_test20_views_force_mdiface_v3/md_closest_pair_patch/graph_records_full.pt,graphvae_resample_matrix_v1_summaries/src/bridging/generatedData/graphvae/PPB_Affinity_broad_pairuniq_train80_test20_resample_matrix_v1/full_S_unsup_shared_static_z8/resample_summary.json,2.605344413047189,0.06202034328326007,2.5085863851178223,2.6912619394906656,2.599702822862528,0.17718698541834452,2.242934266575623,2.822857344260668,2.6069249195580593,0.11501902683550908,2.4718484618566863,2.7699035838067765,0.037219824372179765,0.01901712746158526,0.01155593649329334,0.06656809388348317,0.02583378946284536,0.032159756684740345,-0.007109276045660806,0.08754550153225149,0.028643891453153193,0.021488738547446453,-0.006356614261446625,0.06494790327145405,0.19780970957286254,0.041936279037191895,0.13027250728509923,0.2590999066924659,0.17871293498329746,0.10459641820650097,0.0693645119686611,0.33927669899324514,0.19836109961410486,0.0549054673521755,0.09843883783723954,0.2830203168869939,0.001580506510870272,0.15653807519317406,-0.2145559781198645,0.2613171986889542,-0.0056415901846607495,0.2160743800095338,-0.4483276729150427,0.24309661592325948
iface_S_semi_shared_static_z32,vae_ridge,S,semi_supervised,shared_static,32,128,3,1437,10,0.1875,src/bridging/generatedData/graphvae/PPB_Affinity_broad_pairuniq_train80_test20_views_force_mdiface_v3/md_closest_pair_patch/graph_records_interface.pt,graphvae_resample_matrix_v1_summaries/src/bridging/generatedData/graphvae/PPB_Affinity_broad_pairuniq_train80_test20_resample_matrix_v1/iface_S_semi_shared_static_z32/resample_summary.json,1.8759448125708276,0.16643305202435033,1.5677175400666687,2.103217619066911,2.5534211713426336,0.14883063044509134,2.26041901605802,2.7294297815707638,2.611313579422482,0.052426378364742114,2.48251051948303,2.6572718084217235,0.4977361972498837,0.08459698278130716,0.3464399443017182,0.6450885809226028,0.05763492499632329,0.06405333781157974,-0.0531813947951143,0.15274550725005465,0.020669468462196406,0.08860962621965186,-0.15398093653945777,0.1673024287653313,0.7036974294069975,0.06040955135865678,0.5896421816356361,0.803367499712714,0.35318588795892025,0.04765438228763542,0.2827597124093063,0.44017854893880903,0.336356192002164,0.05341875293219785,0.23840147371466253,0.41119921737901366,0.7353687668516548,0.1938994310939632,0.37929290041611896,1.0704765397366733,0.6774763587718065,0.27549953342586886,0.2664263460200389,1.0297763747165063
iface_S_semi_shared_static_z16,vae_ridge,S,semi_supervised,shared_static,16,128,3,1437,10,0.1875,src/bridging/generatedData/graphvae/PPB_Affinity_broad_pairuniq_train80_test20_views_force_mdiface_v3/md_closest_pair_patch/graph_records_interface.pt,graphvae_resample_matrix_v1_summaries/src/bridging/generatedData/graphvae/PPB_Affinity_broad_pairuniq_train80_test20_resample_matrix_v1/iface_S_semi_shared_static_z16/resample_summary.json,1.8619218798969293,0.22118928229056087,1.3721864976059062,2.0896615287223734,2.629581815872197,0.14706306451159334,2.3400845325287234,2.7946666945863243,2.6180227237926195,0.06869014459955108,2.5183300289513757,2.711137612273776,0.5012395144064323,0.1145029332093786,0.35692054955175734,0.7280991150642924,0.001631337669734134,0.04094721765542874,-0.07579276706047655,0.047582844228089116,0.01663880396966271,0.07817987162640047,-0.12550055363547985,0.1669659485319792,0.7043167406532234,0.07891164064440113,0.5983403646492731,0.8533304719323003,0.30983409118212746,0.04422633897112564,0.25333856824034273,0.3949283840477876,0.3316244921203778,0.05270237601973798,0.24094315350802104,0.41761748892590467,0.7561008438956903,0.21242579351674706,0.48259437429296304,1.1945951258340741,0.7676599359752676,0.2941120310789781,0.4004613301308211,1.4196545136907168
iface_SD_semi_sd_static_plus_dynamic_all_z16,vae_ridge,SD,semi_supervised,sd_static_plus_dynamic_all,16,128,3,1437,10,0.1875,src/bridging/generatedData/graphvae/PPB_Affinity_broad_pairuniq_train80_test20_views_force_mdiface_v3/md_closest_pair_patch/graph_records_interface.pt,graphvae_resample_matrix_v1_summaries/src/bridging/generatedData/graphvae/PPB_Affinity_broad_pairuniq_train80_test20_resample_matrix_v1/iface_SD_semi_sd_static_plus_dynamic_all_z16/resample_summary.json,1.864134654989659,0.22292760862426383,1.2970227701211385,2.1486189396378763,2.609529866343106,0.1369509730167184,2.359490735705919,2.8024528683133636,2.623828559649408,0.10215297346551837,2.4838277534225095,2.796412765674827,0.5001202958364738,0.10808749918443647,0.3699732960316615,0.7645933179401171,0.014756249782351271,0.07404170448259847,-0.14779010558138062,0.10652201916127024,0.014554750833813957,0.0533019654430714,-0.07849121229107991,0.09969401530034383,0.7041880954618962,0.07232621347302301,0.6087760906827095,0.874863604050227,0.3232399140061814,0.055388440911226695,0.21323966493030888,0.41006330171237576,0.3251876952268643,0.043522452812352896,0.23827468461645027,0.39170028146604274,0.7596939046597494,0.21594734179333097,0.5411083776295582,1.2949450970611704,0.7453952113534471,0.2740892770645055,0.2685025210667171,1.323147718548738
full_SD_unsup_shared_static_z16,vae_ridge,SD,unsupervised,shared_static,16,128,3,1437,10,0.1875,src/bridging/generatedData/graphvae/PPB_Affinity_broad_pairuniq_train80_test20_views_force_mdiface_v3/md_closest_pair_patch/graph_records_full.pt,graphvae_resample_matrix_v1_summaries/src/bridging/generatedData/graphvae/PPB_Affinity_broad_pairuniq_train80_test20_resample_matrix_v1/full_SD_unsup_shared_static_z16/resample_summary.json,2.6047746790125794,0.06395531682765897,2.5218106643002254,2.7308454602382186,2.638566400397804,0.11261278835125303,2.435573665783433,2.778739594018893,2.631304755474109,0.11311810403623589,2.47890264021017,2.8122238325227107,0.03752202920447756,0.02580343379364595,1.4132129713795294e-05,0.08222150090373559,-0.007183833834261977,0.059539495431846,-0.16538135993237213,0.04785739383356402,0.0102489487765673,0.024811833099991864,-0.014467222636976196,0.04425471802190617,0.200838809528768,0.06345854208355577,0.07801657794592178,0.2916180861666766,0.12449064937084771,0.06948369667996576,0.027010689751710275,0.2508286624708426,0.12587172266760158,0.07835348932951515,0.030524639618709794,0.2259119350158815,0.026530076461530116,0.16974807875313072,-0.23810689562591847,0.2904131682224853,0.03379172138522515,0.14246720653949008,-0.21321649020633116,0.20079508473909957
full_SD_unsup_shared_static_z8,vae_ridge,SD,unsupervised,shared_static,8,128,3,1437,10,0.1875,src/bridging/generatedData/graphvae/PPB_Affinity_broad_pairuniq_train80_test20_views_force_mdiface_v3/md_closest_pair_patch/graph_records_full.pt,graphvae_resample_matrix_v1_summaries/src/bridging/generatedData/graphvae/PPB_Affinity_broad_pairuniq_train80_test20_resample_matrix_v1/full_SD_unsup_shared_static_z8/resample_summary.json,2.619868379085561,0.05196071688728101,2.546542095069195,2.701520226662568,2.638061283319302,0.16594081963220772,2.292616966156682,2.8652628018737865,2.6322432869844414,0.132276065638547,2.466371639286564,2.8673911286137157,0.02638867834480797,0.01360489545282878,4.181484502541188e-06,0.04804041975675233,-0.0036615313352841407,0.028782462329845555,-0.06741292953685663,0.03784527114618741,0.010292301144444172,0.015668447278819744,-0.011006075300120433,0.038331563322438256,0.16199462137172385,0.045137361399658904,0.06534657522081823,0.2208681375350561,0.07996670142696709,0.08150430145978803,-0.09149499686864139,0.19726673769625702,0.1248590228390376,0.044996000550820904,0.06775994894829268,0.20674643814694663,0.012374907898880183,0.16997798400575187,-0.20830411821457684,0.28184414681215486,0.018192904233740627,0.20463198408755884,-0.3725338181792064,0.31872070680459164
iface_S_unsup_shared_static_z32,vae_ridge,S,unsupervised,shared_static,32,128,3,1437,10,0.1875,src/bridging/generatedData/graphvae/PPB_Affinity_broad_pairuniq_train80_test20_views_force_mdiface_v3/md_closest_pair_patch/graph_records_interface.pt,graphvae_resample_matrix_v1_summaries/src/bridging/generatedData/graphvae/PPB_Affinity_broad_pairuniq_train80_test20_resample_matrix_v1/iface_S_unsup_shared_static_z32/resample_summary.json,2.620584821878218,0.0483793228731958,2.547486175476937,2.70194522556441,2.6320153921045972,0.16999919047332496,2.2437742963201646,2.8075485698006437,2.6323650035442876,0.13109288171047717,2.444394353195351,2.8364766644721118,0.025731526519461846,0.018779893097991232,1.006906188238954e-05,0.05640265068992034,0.001484090594019083,0.015959280835405407,-0.019801247375178965,0.03438866439391797,0.010180618029837152,0.015549009931045894,-0.01779866751875092,0.028200971473759995,0.1688176239799422,0.06133698084599686,0.05197030483680804,0.243285308152134,0.0791172854924263,0.06744361616460938,-0.0347684068646509,0.2209279930662653,0.1210972266015293,0.08699161057034786,-0.052983992308216,0.1949599498271787,0.011780181666068978,0.16506593892249,-0.21532481836531003,0.28899048899517465,0.011430570226379189,0.19830629127036647,-0.4226134019449357,0.20699404300510738
full_SD_unsup_sd_static_plus_dynamic_all_z32,vae_ridge,SD,unsupervised,sd_static_plus_dynamic_all,32,128,3,1437,10,0.1875,src/bridging/generatedData/graphvae/PPB_Affinity_broad_pairuniq_train80_test20_views_force_mdiface_v3/md_closest_pair_patch/graph_records_full.pt,graphvae_resample_matrix_v1_summaries/src/bridging/generatedData/graphvae/PPB_Affinity_broad_pairuniq_train80_test20_resample_matrix_v1/full_SD_unsup_sd_static_plus_dynamic_all_z32/resample_summary.json,2.5717433335125603,0.06952705136401802,2.469929696268728,2.6873825088782697,2.630814254160492,0.1683217848336933,2.2894459098277133,2.8699491142134343,2.632788305028351,0.11965731558839067,2.4928597003537747,2.8544816901109344,0.062003038550949595,0.019964048751331218,0.031591512772056074,0.10445797006208812,0.0019190624465482253,0.02942403134912987,-0.03431588805392427,0.05297931053941318,0.009280699384655432,0.025965440527361015,-0.030279184354854438,0.04546178319730054,0.2641048137407899,0.0345485775300177,0.2030943501668242,0.3266688971382094,0.1178087847877888,0.08463394845424173,0.011123248608799494,0.2665357888436296,0.12548742025637755,0.07430324299654507,0.02367306279961196,0.23216164302943587,0.06104497151579049,0.17331964347508,-0.194522808524495,0.34403899911538094,0.059070920647931936,0.21179868616080413,-0.3235933649670226,0.32360453650558485
full_SD_unsup_sd_dynamic_all_z32,vae_ridge,SD,unsupervised,sd_dynamic_all,32,128,3,1437,10,0.1875,src/bridging/generatedData/graphvae/PPB_Affinity_broad_pairuniq_train80_test20_views_force_mdiface_v3/md_closest_pair_patch/graph_records_full.pt,graphvae_resample_matrix_v1_summaries/src/bridging/generatedData/graphvae/PPB_Affinity_broad_pairuniq_train80_test20_resample_matrix_v1/full_SD_unsup_sd_dynamic_all_z32/resample_summary.json,2.5989357927617642,0.07189342073002103,2.503332962406547,2.707052377788822,2.6156253263752296,0.1485365260304471,2.2725495277616448,2.805522066910672,2.6353364216766573,0.12004611936746534,2.4797172603086866,2.845848318976973,0.04191688945023597,0.028176222584105817,0.0012781920793092372,0.07710992982788767,0.01284173951877129,0.022006254844520557,-0.016214229550006953,0.05342328368653937,0.007428573312866204,0.023814398778618507,-0.03476164080462163,0.05434252322850652,0.2066534194647795,0.09117236529234442,0.04495084202160015,0.28950073229342005,0.12400015600424985,0.09999221133673071,-0.11694550760076144,0.2348895253210135,0.11000171549424875,0.07420929356136031,0.009123480289627497,0.24838783234112574,0.03640062891489295,0.1658893439102631,-0.22733511748013546,0.32639194416407014,0.01668953361346568,0.19877243846403744,-0.42999274481325545,0.21083472450146878
full_SD_unsup_shared_static_z32,vae_ridge,SD,unsupervised,shared_static,32,128,3,1437,10,0.1875,src/bridging/generatedData/graphvae/PPB_Affinity_broad_pairuniq_train80_test20_views_force_mdiface_v3/md_closest_pair_patch/graph_records_full.pt,graphvae_resample_matrix_v1_summaries/src/bridging/generatedData/graphvae/PPB_Affinity_broad_pairuniq_train80_test20_resample_matrix_v1/full_SD_unsup_shared_static_z32/resample_summary.json,2.534344116371896,0.07596930179835075,2.45608666194827,2.6774167155176376,2.6349262201255597,0.2228401141206408,2.277237558457274,3.144693243670665,2.6364666721660446,0.11206169075831326,2.429592355967399,2.8022755748973784,0.08854874035239352,0.04142279759405241,0.03109877471944722,0.15586684477672086,-0.006133990233914799,0.14360807866591438,-0.3980281031147179,0.09132730692742386,0.003897096567971492,0.08031285498545569,-0.18970088556875675,0.10185667051320535,0.2962950024261565,0.06839409955145623,0.19188476850845668,0.39749647936054383,0.1821777519099222,0.10764656576107358,0.027177811549304938,0.3037969734040143,0.18126911434869258,0.10022626818916971,-0.03754309944357099,0.330371470937695,0.10212255579414901,0.1289137828092875,-0.0574895096096979,0.3298128727162202,0.10058210375366357,0.26735996660880457,-0.35273337961154994,0.6886065817223952
iface_SD_semi_sd_dynamic_all_z16,vae_ridge,SD,semi_supervised,sd_dynamic_all,16,128,3,1437,10,0.1875,src/bridging/generatedData/graphvae/PPB_Affinity_broad_pairuniq_train80_test20_views_force_mdiface_v3/md_closest_pair_patch/graph_records_interface.pt,graphvae_resample_matrix_v1_summaries/src/bridging/generatedData/graphvae/PPB_Affinity_broad_pairuniq_train80_test20_resample_matrix_v1/iface_SD_semi_sd_dynamic_all_z16/resample_summary.json,1.6906174944211443,0.3050578078210068,0.9698690606398708,2.0129449469695344,2.656287584635055,0.11039076597616997,2.4956623170795336,2.8024912407474067,2.6365676292899822,0.07088697116084242,2.540249814641765,2.742263376892606,0.5813141776448222,0.13593364887924428,0.4032718413544468,0.8683715413298461,-0.023761453614659134,0.10238983056249781,-0.22626747797551272,0.09640328746923887,0.0031677488399962316,0.07399000823550704,-0.14646709020786464,0.09254693052749008,0.7580859185781123,0.08727295675129076,0.6354450169748861,0.9319480274306012,0.3075270751762085,0.05922811986832407,0.21670384912713908,0.39040310973327436,0.3297856534273866,0.045173174987950704,0.25234548147270564,0.38336197930333515,0.9459501348688379,0.2830440565591754,0.6477375127272422,1.5703807540018941,0.96567009021391,0.33298503056721723,0.5690485099401541,1.6709992372072409
iface_S_unsup_shared_static_z8,vae_ridge,S,unsupervised,shared_static,8,128,3,1437,10,0.1875,src/bridging/generatedData/graphvae/PPB_Affinity_broad_pairuniq_train80_test20_views_force_mdiface_v3/md_closest_pair_patch/graph_records_interface.pt,graphvae_resample_matrix_v1_summaries/src/bridging/generatedData/graphvae/PPB_Affinity_broad_pairuniq_train80_test20_resample_matrix_v1/iface_S_unsup_shared_static_z8/resample_summary.json,2.6364667406986606,0.04127075329098354,2.5855397604535506,2.707687625712043,2.632047548407672,0.1636261147755176,2.256505018019317,2.819121687303414,2.642654500582206,0.13261253465857625,2.4776415017713265,2.867394359875185,0.013903495460710092,0.011771844447476951,1.6908703126539137e-07,0.03305092799144771,0.0011954534021654361,0.011372463469170278,-0.011152052788694133,0.030572852529200945,0.002483890379991527,0.012726255771455764,-0.010461626035018101,0.03166601200914587,0.12630120922408253,0.041791293953286075,0.06088000505308168,0.19205784566566025,0.08386976425678887,0.055161010510941064,0.01675116513708786,0.22199024108722135,0.07895724189767785,0.05348395285072468,0.01432338791349292,0.19475911734840118,0.006187759883545985,0.16379848465344604,-0.22285516357519963,0.2818545994216346,-0.004419192290988328,0.19393105973586053,-0.4232992070674966,0.20761441426838223
full_SD_unsup_sd_dynamic_all_z16,vae_ridge,SD,unsupervised,sd_dynamic_all,16,128,3,1437,10,0.1875,src/bridging/generatedData/graphvae/PPB_Affinity_broad_pairuniq_train80_test20_views_force_mdiface_v3/md_closest_pair_patch/graph_records_full.pt,graphvae_resample_matrix_v1_summaries/src/bridging/generatedData/graphvae/PPB_Affinity_broad_pairuniq_train80_test20_resample_matrix_v1/full_SD_unsup_sd_dynamic_all_z16/resample_summary.json,2.6148252048511784,0.04944662858587692,2.5426778932992895,2.6911650047989895,2.629299975779168,0.15026270832171187,2.299769904060438,2.819640937901893,2.644073808030694,0.13205222768807684,2.4802456338995196,2.8374238241157808,0.030118706535904947,0.012175097579745454,0.009537999598586366,0.044827161598559484,0.0025362348692310353,0.02066190467743057,-0.039044865385104766,0.029548458878330797,0.0013497411967311134,0.01675458426590456,-0.02272608261817166,0.027917007219830703,0.1800517025704405,0.03253133647540387,0.12144388324582794,0.21387027627172875,0.10473230036394014,0.05043559584815814,0.03141930694352268,0.20078458249034734,0.09805818065559756,0.04783473739092948,0.020221216208733524,0.1671853309449528,0.029248603179515786,0.1720200095319522,-0.21091937089946988,0.29474593081649125,0.014474770927990033,0.17620934935263496,-0.34581012145150414,0.22683722608403256
iface_S_unsup_shared_static_z16,vae_ridge,S,unsupervised,shared_static,16,128,3,1437,10,0.1875,src/bridging/generatedData/graphvae/PPB_Affinity_broad_pairuniq_train80_test20_views_force_mdiface_v3/md_closest_pair_patch/graph_records_interface.pt,graphvae_resample_matrix_v1_summaries/src/bridging/generatedData/graphvae/PPB_Affinity_broad_pairuniq_train80_test20_resample_matrix_v1/iface_S_unsup_shared_static_z16/resample_summary.json,2.6297274934322603,0.051155246976128055,2.5512887269091875,2.704059257193552,2.637678246733123,0.15705611980046572,2.257738470755794,2.801191381347755,2.645429109041572,0.12951089248895242,2.484409374066196,2.870630912382935,0.01906224432788788,0.011215940813192347,2.4006470832449445e-05,0.04144782856534568,-0.003400988561536178,0.015321969558846887,-0.031051794236076402,0.029418619837714766,0.0003007111821040409,0.01099685561380946,-0.015989476152284743,0.014283904956589821,0.15341689845867618,0.03125612407457178,0.10412282866464297,0.21309371621013046,0.07526089842624621,0.12025259882012489,-0.06230485246395402,0.2987076352934815,0.07739995403434827,0.06362076713491154,-0.008628101916901266,0.17852121825512934,0.01570161560931114,0.1746471969929009,-0.21964988312735567,0.3193421854737477,0.007950753300862123,0.1830626223950099,-0.3925173589869746,0.1953928278931234
full_SD_unsup_sd_static_plus_dynamic_all_z8,vae_ridge,SD,unsupervised,sd_static_plus_dynamic_all,8,128,3,1437,10,0.1875,src/bridging/generatedData/graphvae/PPB_Affinity_broad_pairuniq_train80_test20_views_force_mdiface_v3/md_closest_pair_patch/graph_records_full.pt,graphvae_resample_matrix_v1_summaries/src/bridging/generatedData/graphvae/PPB_Affinity_broad_pairuniq_train80_test20_resample_matrix_v1/full_SD_unsup_sd_static_plus_dynamic_all_z8/resample_summary.json,2.64065374374141,0.04554906989952996,2.584982038777174,2.7095703339168424,2.6339747898254893,0.15464537407419093,2.271541862756963,2.8129225219173217,2.645433637307794,0.13776083228674021,2.4663532436378044,2.8665478305142504,0.01082715903444027,0.010705294270703871,0.00019670807848204408,0.031069204992492883,-0.000667522732623893,0.012187725365887038,-0.017885570061169975,0.02084299894375019,0.0006339239368439054,0.004496312811440282,-0.004911462881775686,0.007987038282031067,0.09591971843002987,0.05645977386886664,0.0248801033828381,0.18686043089001406,0.06275591612658508,0.08632685198778496,-0.10660586547561696,0.23073046820124093,0.07192727406075482,0.03545136879872367,0.03309912708669933,0.1369563207727498,0.004779893566383686,0.16746602494566426,-0.23988447603479202,0.2815657917370764,-0.00667895391592106,0.1907095629383088,-0.43024762275654327,0.21346266264664315
iface_SD_semi_shared_static_z16,vae_ridge,SD,semi_supervised,shared_static,16,128,3,1437,10,0.1875,src/bridging/generatedData/graphvae/PPB_Affinity_broad_pairuniq_train80_test20_views_force_mdiface_v3/md_closest_pair_patch/graph_records_interface.pt,graphvae_resample_matrix_v1_summaries/src/bridging/generatedData/graphvae/PPB_Affinity_broad_pairuniq_train80_test20_resample_matrix_v1/iface_SD_semi_shared_static_z16/resample_summary.json,1.4619016355928205,0.3479469580946763,0.8297057813717028,1.9246344417285106,2.622315944514041,0.16556446358641544,2.377692945118446,2.9260931455299026,2.6455067470158133,0.10824858766557666,2.525018384887125,2.8408913125712214,0.6804913349614476,0.14055460296504232,0.4944819524590084,0.9058532359425409,0.005436527333168717,0.08254907327698058,-0.1132169989493581,0.09893673591750152,-0.001451196975542779,0.049157913545246915,-0.07624004946523022,0.0763234609011818,0.8211091510620762,0.08559185092207247,0.7033538971722325,0.9517855368749334,0.338817794533429,0.06281292543163586,0.24281208419998696,0.4078383126889203,0.33618711478456204,0.035160503682683135,0.2872737618378113,0.39212318580966155,1.1836051114229929,0.3099744956831322,0.7744346933543542,1.6953126035154222,1.1604143089212202,0.4220387969946083,0.45305850338993525,1.7428581863803119
full_SD_unsup_sd_dynamic_all_z8,vae_ridge,SD,unsupervised,sd_dynamic_all,8,128,3,1437,10,0.1875,src/bridging/generatedData/graphvae/PPB_Affinity_broad_pairuniq_train80_test20_views_force_mdiface_v3/md_closest_pair_patch/graph_records_full.pt,graphvae_resample_matrix_v1_summaries/src/bridging/generatedData/graphvae/PPB_Affinity_broad_pairuniq_train80_test20_resample_matrix_v1/full_SD_unsup_sd_dynamic_all_z8/resample_summary.json,2.6447230648775717,0.05579435175195025,2.555421868274779,2.7147104198029965,2.6371875255043378,0.16067116212966256,2.274886554203859,2.833519963259928,2.646065886518814,0.13372626790199701,2.470831893358597,2.8653603160792445,0.007938501744531623,0.007193189211831926,0.000523134084710275,0.02317103119089603,-0.0028261385544465,0.00666619114934745,-0.016681721438878583,0.0068446878888172025,-3.3249823128689293e-06,0.007317276926882701,-0.010206429658102367,0.012826116767937656,0.08416732101936561,0.04440322024843579,0.023857019504641225,0.1596995658470655,0.03145460758690754,0.07936081099305584,-0.11161589731850077,0.15098641199223503,0.0705714067947912,0.05719843366022522,-0.011233225849581134,0.1508983679786374,0.001342821641242331,0.17744612086208814,-0.24387852644439967,0.30993844780446533,-0.007535539373233746,0.19833833782762442,-0.4274768314469384,0.2134594902031508
iface_SD_unsup_shared_static_z8,vae_ridge,SD,unsupervised,shared_static,8,128,3,1437,10,0.1875,src/bridging/generatedData/graphvae/PPB_Affinity_broad_pairuniq_train80_test20_views_force_mdiface_v3/md_closest_pair_patch/graph_records_interface.pt,graphvae_resample_matrix_v1_summaries/src/bridging/generatedData/graphvae/PPB_Affinity_broad_pairuniq_train80_test20_resample_matrix_v1/iface_SD_unsup_shared_static_z8/resample_summary.json,2.6343353023108538,0.05281063571589833,2.563838857373714,2.724523214439074,2.6378764671919215,0.15738144055153497,2.2789536171258917,2.8409784719256668,2.6472626096904803,0.13403262261897933,2.484894809823424,2.8904512076804747,0.015645541749542146,0.010897043778813564,6.6035781123297e-06,0.033923114692265055,-0.0035774202518434996,0.01486407136670613,-0.020320236721067975,0.025146191274500573,-0.0009694160769193716,0.013111788712771289,-0.018211011295039548,0.024313103831456018,0.1339180258050079,0.03128570067090243,0.08921864022099557,0.18750583025532588,0.06306997338776742,0.06253162754605253,-0.0439323519693209,0.17036900197170946,0.06177779611065252,0.0700902936609653,-0.06536676056660211,0.16395074301650014,0.012927307379626597,0.17716668054389872,-0.23864826808578687,0.32661235030676083,0.003541164881067349,0.1917383512398442,-0.38168424129679357,0.23069615110604813
iface_SD_unsup_sd_static_plus_dynamic_all_z8,vae_ridge,SD,unsupervised,sd_static_plus_dynamic_all,8,128,3,1437,10,0.1875,src/bridging/generatedData/graphvae/PPB_Affinity_broad_pairuniq_train80_test20_views_force_mdiface_v3/md_closest_pair_patch/graph_records_interface.pt,graphvae_resample_matrix_v1_summaries/src/bridging/generatedData/graphvae/PPB_Affinity_broad_pairuniq_train80_test20_resample_matrix_v1/iface_SD_unsup_sd_static_plus_dynamic_all_z8/resample_summary.json,2.6424647519974,0.04742316623911916,2.5701465298164097,2.710910493601262,2.6442936566173634,0.16168550223794054,2.263680035402019,2.8311909631330807,2.6480867739562837,0.13223180456272116,2.4655533173287023,2.870784334738002,0.009526170856513472,0.006487223400682123,2.198774167683215e-05,0.016608249483519466,-0.008212624825955783,0.010360091340574131,-0.023677767362058955,0.007721401484048429,-0.001610274850029758,0.010310762886526895,-0.008773994993203305,0.026883292777816425,0.09344694138052523,0.04545075118327284,0.007952376263699951,0.1367722669625814,0.02953977056748814,0.07774438572507254,-0.07708364878689009,0.1574464988147101,0.05522444193662242,0.07467150097882659,-0.021928959316847147,0.22153611143376495,0.005622021958883216,0.17160848522269553,-0.22044814386751543,0.30063780492159253,0.0018289046199629233,0.19222728096882377,-0.421272827677055,0.20586703916165927
iface_SD_unsup_shared_static_z32,vae_ridge,SD,unsupervised,shared_static,32,128,3,1437,10,0.1875,src/bridging/generatedData/graphvae/PPB_Affinity_broad_pairuniq_train80_test20_views_force_mdiface_v3/md_closest_pair_patch/graph_records_interface.pt,graphvae_resample_matrix_v1_summaries/src/bridging/generatedData/graphvae/PPB_Affinity_broad_pairuniq_train80_test20_resample_matrix_v1/iface_SD_unsup_shared_static_z32/resample_summary.json,2.607896332760588,0.06149405253122488,2.521098684123276,2.7225981846974494,2.621918234833536,0.15556435295431909,2.257948999010314,2.812751523688041,2.653000755666929,0.14380711463280288,2.481244572983087,2.9080261593211945,0.03528673353235652,0.020891331293448157,0.005359560986861744,0.06387888380478235,0.008395789889716409,0.021496562012171518,-0.013971655445756515,0.05001856512599112,-0.005135913536106684,0.023060908237222243,-0.04020024640503661,0.033090791859083035,0.1872748058040785,0.06434624500627696,0.08315615682563798,0.26059095453260495,0.10172441999936258,0.08032686105887098,-0.03666796347472287,0.2269651525162315,0.08960123620396912,0.06358614820369754,-0.02366264541564434,0.1833079563386671,0.045104422906340556,0.18667881502972308,-0.24135361171436243,0.38692747519791837,0.014021902072948001,0.20331058161318358,-0.4268269621272771,0.2228719055407531
iface_SD_unsup_sd_static_plus_dynamic_all_z32,vae_ridge,SD,unsupervised,sd_static_plus_dynamic_all,32,128,3,1437,10,0.1875,src/bridging/generatedData/graphvae/PPB_Affinity_broad_pairuniq_train80_test20_views_force_mdiface_v3/md_closest_pair_patch/graph_records_interface.pt,graphvae_resample_matrix_v1_summaries/src/bridging/generatedData/graphvae/PPB_Affinity_broad_pairuniq_train80_test20_resample_matrix_v1/iface_SD_unsup_sd_static_plus_dynamic_all_z32/resample_summary.json,2.6312296751175195,0.05952581595537366,2.5510670551927834,2.7269557740918944,2.6412082945966953,0.15766519118663866,2.2725850568483366,2.810243936430795,2.6534257124828793,0.13581196189898742,2.48385524199066,2.8949446899910725,0.017997467633769394,0.016088534413139108,0.0008082019718355093,0.04465433301197219,-0.006074803017272157,0.013406925271588583,-0.03120863319776923,0.01888753675936483,-0.005640305969245141,0.017525790929277547,-0.032532469109423756,0.030485422529992534,0.13011291073072814,0.07326564289775891,0.0362618977263139,0.22264324861503573,0.022569015322492943,0.08789895607794106,-0.15817392795372634,0.17551242258252217,0.026770472682626906,0.08721413477406571,-0.11688947797238705,0.17791894892053564,0.022196037365359265,0.1801090327746568,-0.24310053210123428,0.3232728441450514,0.009978619479175554,0.19852016053782254,-0.38874343427118685,0.23372725759715784
full_SD_unsup_sd_static_plus_dynamic_all_z16,vae_ridge,SD,unsupervised,sd_static_plus_dynamic_all,16,128,3,1437,10,0.1875,src/bridging/generatedData/graphvae/PPB_Affinity_broad_pairuniq_train80_test20_views_force_mdiface_v3/md_closest_pair_patch/graph_records_full.pt,graphvae_resample_matrix_v1_summaries/src/bridging/generatedData/graphvae/PPB_Affinity_broad_pairuniq_train80_test20_resample_matrix_v1/full_SD_unsup_sd_static_plus_dynamic_all_z16/resample_summary.json,2.6255741743716468,0.06069962149794484,2.548235175244849,2.70209932600674,2.6401052669076868,0.1525424914918036,2.2842415259300473,2.8231899386619728,2.6541559814567695,0.1363324567099615,2.477027692085196,2.866161590865773,0.02221795917639884,0.01712215581673863,0.0007035938028387978,0.04370529743991258,-0.005470464161574229,0.014646886355623275,-0.03368641946790407,0.013993892305923405,-0.0060431372679039756,0.006114750670160831,-0.01854510058259584,0.0011911305905600855,0.13843443667782687,0.0758458561443827,0.027318361309369484,0.2153164998941596,0.04268519149071971,0.07764450795622622,-0.10960025315415876,0.1399267760400113,0.0582070836081102,0.025878160777557287,0.023278447061602824,0.10124967402121385,0.028581807085122656,0.18105484015311873,-0.22507163392154395,0.29380591708422044,0.01453109253604028,0.19409389297707216,-0.4073900972919744,0.23499329934175472
iface_SD_unsup_sd_dynamic_all_z8,vae_ridge,SD,unsupervised,sd_dynamic_all,8,128,3,1437,10,0.1875,src/bridging/generatedData/graphvae/PPB_Affinity_broad_pairuniq_train80_test20_views_force_mdiface_v3/md_closest_pair_patch/graph_records_interface.pt,graphvae_resample_matrix_v1_summaries/src/bridging/generatedData/graphvae/PPB_Affinity_broad_pairuniq_train80_test20_resample_matrix_v1/iface_SD_unsup_sd_dynamic_all_z8/resample_summary.json,2.6455094091400198,0.047356980922868344,2.583658827497292,2.7291480499211334,2.6387282532990426,0.1585140524565642,2.2769828667039724,2.8329054363041273,2.6552443261317342,0.13105707887476564,2.4833155225813996,2.8663013489314535,0.0072192763746841805,0.009274922259136498,9.844040331385973e-05,0.030547504823634886,-0.00415941155754288,0.013149685889684848,-0.02233445041163029,0.022579642203033767,-0.007053280820764163,0.0073192646450644895,-0.01894451677110065,0.002829470428077907,0.07427294554628446,0.05021693671742574,0.01600760537806909,0.1782796780542996,0.0400416572317486,0.09949207394253959,-0.10810400533522403,0.1684722942947404,0.02929510160095915,0.05704813011061752,-0.04167549167345943,0.1409324240406627,0.009734916991714516,0.16639138396061212,-0.2458325273397337,0.2826425214341617,-0.006781155840977026,0.1930237999203031,-0.4212774797607035,0.20731855713049585
iface_SD_unsup_sd_dynamic_all_z16,vae_ridge,SD,unsupervised,sd_dynamic_all,16,128,3,1437,10,0.1875,src/bridging/generatedData/graphvae/PPB_Affinity_broad_pairuniq_train80_test20_views_force_mdiface_v3/md_closest_pair_patch/graph_records_interface.pt,graphvae_resample_matrix_v1_summaries/src/bridging/generatedData/graphvae/PPB_Affinity_broad_pairuniq_train80_test20_resample_matrix_v1/iface_SD_unsup_sd_dynamic_all_z16/resample_summary.json,2.6403755035793415,0.045763794763794205,2.5680564676804134,2.704618763906204,2.647956398791,0.1609263060781415,2.267026057853134,2.84670172080198,2.6554444385482947,0.13889200414254135,2.4593487446150566,2.8976294558481155,0.011044208565325985,0.01016435588152152,0.0011560406306908577,0.024683242837707953,-0.011073105722675702,0.012415004807073785,-0.03866081835679003,0.0012819296269667158,-0.0069947272780411796,0.013091575776038842,-0.02426137998735034,0.016273994778940093,0.10070853709977852,0.05656413761558974,0.04175774611092614,0.17399749862935426,-0.005046489478341781,0.07069366335423122,-0.10149299960529952,0.09065989370767868,0.023470028677526115,0.08060571051599831,-0.1349996283250222,0.1824351271718493,0.015068934968953406,0.17189186245631566,-0.2410806827732377,0.3295729881677021,0.007580895211659167,0.19321204483361712,-0.4375927060530702,0.23581684049475582
iface_SD_semi_sd_dynamic_all_z8,vae_ridge,SD,semi_supervised,sd_dynamic_all,8,128,3,1437,10,0.1875,src/bridging/generatedData/graphvae/PPB_Affinity_broad_pairuniq_train80_test20_views_force_mdiface_v3/md_closest_pair_patch/graph_records_interface.pt,graphvae_resample_matrix_v1_summaries/src/bridging/generatedData/graphvae/PPB_Affinity_broad_pairuniq_train80_test20_resample_matrix_v1/iface_SD_semi_sd_dynamic_all_z8/resample_summary.json,1.6349530015334224,0.37031533057041444,1.0338104994394948,1.9794259709369757,2.627066609706479,0.10763748416925711,2.4983618022955936,2.7746486420845997,2.655657280224612,0.08981356921997001,2.5766949042440253,2.8258722526392592,0.602623022520973,0.15818187568551725,0.4568898507092076,0.8431087703594402,-0.002263082857201415,0.11452247807449815,-0.3099323544914443,0.09676099981330655,-0.011578933276759318,0.08259853733953196,-0.15030995620939347,0.12773993103832992,0.7707478289611535,0.09821343170819341,0.6763100803491149,0.9182280015746388,0.32679328215744874,0.05108687484917526,0.19782105997915542,0.3808589563632775,0.32791684241770885,0.04789174971397991,0.24179328363498648,0.40167121138164863,1.0207042786911895,0.408469757949886,0.5972689333070496,1.7920617531997645,0.9921136081730568,0.43260166364307656,0.524669354669046,1.7223079750551087
iface_SD_unsup_sd_static_plus_dynamic_all_z16,vae_ridge,SD,unsupervised,sd_static_plus_dynamic_all,16,128,3,1437,10,0.1875,src/bridging/generatedData/graphvae/PPB_Affinity_broad_pairuniq_train80_test20_views_force_mdiface_v3/md_closest_pair_patch/graph_records_interface.pt,graphvae_resample_matrix_v1_summaries/src/bridging/generatedData/graphvae/PPB_Affinity_broad_pairuniq_train80_test20_resample_matrix_v1/iface_SD_unsup_sd_static_plus_dynamic_all_z16/resample_summary.json,2.6430248618517544,0.04372120285259115,2.571223023194398,2.69974733079022,2.6449989520020596,0.15811757875217716,2.272328279214103,2.8326354558364044,2.6556836279457934,0.1349492889194387,2.4844896639710736,2.889880550632143,0.009056586424780466,0.007540597029895337,0.0002838565959702999,0.02265959074279289,-0.008911266902293246,0.00995540819770726,-0.0318367564135591,0.0001322076004532935,-0.007263451119942965,0.006783719397903152,-0.017809003517890165,0.0014847257819380344,0.10068741451907223,0.04175727734003649,0.035033206754391914,0.15888546108179247,0.017398156956963985,0.04470678914103313,-0.04288531179593239,0.1111422504817046,0.02090403389943647,0.05890270690830837,-0.11244255901888657,0.1084188273813556,0.01265876609403871,0.17027141382572317,-0.2070451226319996,0.318657527437745,0.001974090150304919,0.18570015103078433,-0.41448591168058657,0.20759909393348153
iface_SD_unsup_shared_static_z16,vae_ridge,SD,unsupervised,shared_static,16,128,3,1437,10,0.1875,src/bridging/generatedData/graphvae/PPB_Affinity_broad_pairuniq_train80_test20_views_force_mdiface_v3/md_closest_pair_patch/graph_records_interface.pt,graphvae_resample_matrix_v1_summaries/src/bridging/generatedData/graphvae/PPB_Affinity_broad_pairuniq_train80_test20_resample_matrix_v1/iface_SD_unsup_shared_static_z16/resample_summary.json,2.6221695566851446,0.047694376723732,2.5457286995672876,2.6904325852003717,2.6377192257364053,0.16618929111674072,2.2562519434194233,2.8316945898082175,2.657451084132209,0.13108539469832783,2.484476783851084,2.890230026186232,0.024609114554227908,0.014675697531247088,0.008195487106268384,0.04864845681112928,-0.0030765689716043877,0.01610085677551026,-0.026443662031247817,0.03285285920118741,-0.0088395415658853,0.01632482850778284,-0.03895356729617139,0.024593755095413727,0.15978033906816685,0.046137530117994804,0.0995176788612309,0.22390151956332385,0.06016850426463901,0.06613869580081454,-0.003767397492951288,0.1926208923367077,0.03949273021363991,0.06967552398086305,-0.08556552449007557,0.1680727314874915,0.03528152744706468,0.16654809735754603,-0.2059558013492877,0.3200175934924645,0.015549669051260161,0.20029755899455703,-0.4211906776937555,0.2516353154464084
iface_SD_unsup_sd_dynamic_all_z32,vae_ridge,SD,unsupervised,sd_dynamic_all,32,128,3,1437,10,0.1875,src/bridging/generatedData/graphvae/PPB_Affinity_broad_pairuniq_train80_test20_views_force_mdiface_v3/md_closest_pair_patch/graph_records_interface.pt,graphvae_resample_matrix_v1_summaries/src/bridging/generatedData/graphvae/PPB_Affinity_broad_pairuniq_train80_test20_resample_matrix_v1/iface_SD_unsup_sd_dynamic_all_z32/resample_summary.json,2.6241882240086403,0.05415608065028409,2.548286340675757,2.7031404949003632,2.6428514148926268,0.1621903894019306,2.2711113141080306,2.846819514578244,2.6588621003482045,0.13077456876177615,2.4795214749201144,2.8824772047208294,0.0231619548170642,0.016618634134632628,0.002545838870682493,0.05271355303912495,-0.0071621718358434675,0.01444315809917338,-0.034121834505191684,0.014960708929713351,-0.00989272664208346,0.01461051790841006,-0.043256917416667706,0.0031868011421264386,0.15476968719454057,0.06919131974190801,0.05453844826748674,0.2439097114049111,0.014568035356247344,0.08878280099130582,-0.11545425232685896,0.16845364808464802,0.03466887501725082,0.04125555080897671,-0.03501878156059764,0.0980038750995727,0.03467387633956398,0.16492728899939058,-0.21808565212397113,0.3236306985596742,0.018663190883987067,0.20604277469877547,-0.43202918079233266,0.2646795875510084
iface_SD_semi_shared_static_z8,vae_ridge,SD,semi_supervised,shared_static,8,128,3,1437,10,0.1875,src/bridging/generatedData/graphvae/PPB_Affinity_broad_pairuniq_train80_test20_views_force_mdiface_v3/md_closest_pair_patch/graph_records_interface.pt,graphvae_resample_matrix_v1_summaries/src/bridging/generatedData/graphvae/PPB_Affinity_broad_pairuniq_train80_test20_resample_matrix_v1/iface_SD_semi_shared_static_z8/resample_summary.json,1.5434825732439468,0.2759093660538597,1.0160774096883076,2.021327055597122,2.659288860483286,0.11780316563792885,2.477577741689293,2.8457957930317925,2.6684291230687203,0.09748798805468067,2.5509865305205137,2.8525323368385953,0.653058382946318,0.11527462900362925,0.4424121053782004,0.8555301649408389,-0.024261708849250985,0.08362156810498246,-0.24258141084311058,0.06121638104795579,-0.02167234583034664,0.09322370316783656,-0.24036812348851133,0.0873520037748442,0.8053215481258853,0.07250994046249527,0.6652742349208993,0.9249704070266894,0.32547004565796395,0.07005334159039366,0.15063644362585427,0.4079018344973473,0.3270409488761112,0.06576794600376076,0.20005176178973497,0.41806713590770256,1.1249465498247733,0.23822508604602122,0.717479328386021,1.6040327758168396,1.1158062872393395,0.3430041711959686,0.4936247216024596,1.6679713582395397
iface_SD_semi_shared_static_z32,vae_ridge,SD,semi_supervised,shared_static,32,128,3,1437,10,0.1875,src/bridging/generatedData/graphvae/PPB_Affinity_broad_pairuniq_train80_test20_views_force_mdiface_v3/md_closest_pair_patch/graph_records_interface.pt,graphvae_resample_matrix_v1_summaries/src/bridging/generatedData/graphvae/PPB_Affinity_broad_pairuniq_train80_test20_resample_matrix_v1/iface_SD_semi_shared_static_z32/resample_summary.json,1.4239007818851892,0.4585270316395925,0.8883367902907651,2.1560650011396225,2.608803486667651,0.13869378869982774,2.3875137227330323,2.796737559694973,2.670548768765851,0.11773100787299841,2.5089100136895928,2.847042335872958,0.6870906647923679,0.1897771698569778,0.37666241466753336,0.8906132578778958,0.015033660369253955,0.07708727820871082,-0.11984336434004583,0.1210834233570448,-0.02299423697493075,0.09541000082738943,-0.2153966009104935,0.08368725576198277,0.8212960337708879,0.11955745024394639,0.6139876017405657,0.9437820416891632,0.3468831162923221,0.07052580504172806,0.2534830173075054,0.4400221800375752,0.31849605551213506,0.04065895441107243,0.23006499499795108,0.37731202184266877,1.246647986880662,0.5409304706661566,0.35284501254997025,1.7803018313993153,1.1849027047824623,0.470080663951301,0.37527306761465784,1.8123273525364563
iface_SD_semi_sd_static_plus_dynamic_all_z8,vae_ridge,SD,semi_supervised,sd_static_plus_dynamic_all,8,128,3,1437,10,0.1875,src/bridging/generatedData/graphvae/PPB_Affinity_broad_pairuniq_train80_test20_views_force_mdiface_v3/md_closest_pair_patch/graph_records_interface.pt,graphvae_resample_matrix_v1_summaries/src/bridging/generatedData/graphvae/PPB_Affinity_broad_pairuniq_train80_test20_resample_matrix_v1/iface_SD_semi_sd_static_plus_dynamic_all_z8/resample_summary.json,1.8121533514149248,0.2616202575040955,1.433093788234423,2.1962376451418946,2.6401469196301988,0.11539233164902206,2.519299817189265,2.88339952027352,2.674326560829204,0.13242089024270706,2.4654194885208174,2.8444970945425307,0.524661186272707,0.1388962755014588,0.29193120944696915,0.712609232413056,-0.011496103150853088,0.10497735545282996,-0.24688166351132756,0.09858236416792932,-0.024309116011915453,0.08209015041127599,-0.2132244555609779,0.05968990167454824,0.7182432730160351,0.09957762674558762,0.5405353179252269,0.8442304275351514,0.3049478212393844,0.0746296071428184,0.11304990268622994,0.37445731105144786,0.30393923834223013,0.05172697746782598,0.24440565504375292,0.38417389577150135,0.8621732094142793,0.3084116577704174,0.53270765162245,1.4114033063081077,0.8279935682152738,0.31735550255921596,0.39928162427826,1.2988792349088207
iface_SD_semi_sd_dynamic_all_z32,vae_ridge,SD,semi_supervised,sd_dynamic_all,32,128,3,1437,10,0.1875,src/bridging/generatedData/graphvae/PPB_Affinity_broad_pairuniq_train80_test20_views_force_mdiface_v3/md_closest_pair_patch/graph_records_interface.pt,graphvae_resample_matrix_v1_summaries/src/bridging/generatedData/graphvae/PPB_Affinity_broad_pairuniq_train80_test20_resample_matrix_v1/iface_SD_semi_sd_dynamic_all_z32/resample_summary.json,1.6385263251082072,0.1979819937818604,1.3007936500699884,1.9702673040178238,2.6631752519630387,0.1364872334668137,2.5192963010819946,2.8921533083120456,2.68550120202953,0.14038068178043994,2.4743829058834583,2.8492477795040845,0.6131256555935856,0.09755157171035975,0.4337148513772596,0.7516102867621287,-0.02899069522028628,0.11425163042098176,-0.32284966919689784,0.07449309575008245,-0.03216436497694723,0.07366260502954881,-0.14031122698697307,0.09551542417111358,0.781157248900963,0.06346233077662919,0.6592662752147007,0.8672205593210003,0.3151115899249998,0.04963725529813887,0.20848956140416294,0.3859420702130886,0.30757154838945594,0.05244028151143264,0.22784014959497972,0.3938609802299513,1.0469748769213223,0.2596063647229287,0.5542599776338635,1.509311468738099,1.0246489268548309,0.27208725851678756,0.6661793110078182,1.5913596582420573
iface_SD_semi_sd_static_plus_dynamic_all_z32,vae_ridge,SD,semi_supervised,sd_static_plus_dynamic_all,32,128,3,1437,10,0.1875,src/bridging/generatedData/graphvae/PPB_Affinity_broad_pairuniq_train80_test20_views_force_mdiface_v3/md_closest_pair_patch/graph_records_interface.pt,graphvae_resample_matrix_v1_summaries/src/bridging/generatedData/graphvae/PPB_Affinity_broad_pairuniq_train80_test20_resample_matrix_v1/iface_SD_semi_sd_static_plus_dynamic_all_z32/resample_summary.json,1.761726621072566,0.2881498022754306,1.1999027923590426,2.048601345633826,2.614485600466199,0.13918892321147794,2.4247810926620907,2.8513647405049807,2.697412891379421,0.13910388726616638,2.4885911196412014,2.929985990348676,0.5492260239538396,0.13617079662115333,0.37221891851380995,0.7899720955850117,0.010058367007797641,0.089920230148595,-0.22093378081131032,0.10668346592639177,-0.0411307743508752,0.06900591538125152,-0.133680311415312,0.05989486182694059,0.7364945079288916,0.0898472220485764,0.6111611708332468,0.888853830919051,0.318870190699915,0.0725991461786635,0.1834022484245543,0.42356226749536274,0.2940570121172184,0.061893540271712275,0.14439486022659634,0.37588727158738033,0.9356862703068547,0.3318149504888626,0.5252909720628507,1.53090294817838,0.8527589793936332,0.32867704699642114,0.4678080888496603,1.5571953717016211
