complex_id,split,subgroup,dG,mmgbsa_estimate,dG_pred,dG_pred_correction_mmgbsa,dG_pred_corrected_from_mmgbsa
1A22__A__B,train,other,-12.334439277648926,,-11.594195111119504,,
1AK4__A__D,train,other,-6.709835052490234,,-8.042283820195593,,
1C4Z__ABC__D,train,other,-7.228275775909424,,-8.950860295018167,,
1E50__A__B,train,other,-10.709230422973633,,-10.372439778579624,,
1HE8__A__B,train,other,-7.891330718994141,,-6.791327820632122,,
1JTD__A__B,train,other,-16.01441192626953,,-15.696296387652248,,
1KBH__A__B,train,other,-10.183781623840332,,-10.410777526439986,,
1LFD__A__B,train,other,-8.09859848022461,,-7.033407870063646,,
1MI5__ABC__DE,train,tcr_pmhc,-6.6856608390808105,,-8.930626768720257,,
1N8Z__AB__C,train,other,-12.112139701843262,,-11.782744064730682,,
1OHZ__A__B,train,other,-12.22283172607422,,-10.911144640862839,,
1REW__AB__C,train,other,-12.511860847473145,,-13.13706261079842,,
1SMF__E__I,train,other,-8.946138381958008,,-8.21414978001683,,
1WQJ__I__B,train,other,-11.233111381530762,,-8.054261314154942,,
2AJF__A__E,train,other,-10.622798919677734,,-11.28671993298478,,
2B0Z__A__B,train,other,-5.454242706298828,,-9.685261436452038,,
2GOX__A__B,train,other,-12.07279109954834,,-10.20684061168972,,
2J0T__A__D,train,other,-12.814661026000977,,-12.238547445636483,,
2KSO__A__B,train,other,-7.205049991607666,,-10.084653717818817,,
2O3B__A__B,train,other,-15.673925399780272,,-11.385886181254731,,
2REX__A__B,train,other,-7.171834468841553,,-9.777624627965448,,
3G6D__HL__A,train,other,-14.63807201385498,,-13.260954668326898,,
3L5X__A__HL,train,other,-12.439257621765137,,-14.082799939000278,,
3M63__A__B,train,other,-9.21352767944336,,-11.00665641501211,,
3NGB__HL__G,train,other,-11.235163688659668,,-12.001093109508108,,
3QHY__A__B,train,other,-17.07570457458496,,-16.272031353298754,,
3SE9__HL__G,train,other,-10.539793968200684,,-11.245038498942655,,
3VR6__ABCDEF__GH,train,other,-11.9937162399292,,-11.741515578768325,,
4CVW__A__C,train,other,-14.14932918548584,,-12.03917397643213,,
4G2V__A__B,train,other,-9.488483428955078,,-10.27437085353053,,
4J2L__A__CD,train,other,-9.617270469665527,,-8.53513063436121,,
4JPK__HL__A,train,other,-10.036506652832031,,-10.232856211987015,,
4MYW__A__B,train,other,-10.52527904510498,,-11.79709687252571,,
4P5T__CD__AB,train,tcr_pmhc,-7.120307445526123,,-7.331621694532597,,
4UYP__A__D,train,other,-15.078248023986816,,-12.708230274434419,,
4YEB__A__B,train,other,-10.597747802734377,,-11.960396970432235,,
5CXB__A__B,train,other,-11.683855056762695,,-11.185576382064374,,
5K39__A__B,train,other,-11.320324897766112,,-9.80374667417386,,
3ETB__II__M,train,antibody_antigen,-14.264473915100098,,-12.295628638828871,,
1JPS__HL__T,train,antibody_antigen,-13.642470359802246,,-12.42405141181466,,
2HKF__HL__P,train,antibody_antigen,-8.879390716552734,,-10.679608533835538,,
3MAC__HL__A,train,antibody_antigen,-9.23100757598877,,-12.478806050610416,,
2A6I__AB__P,train,antibody_antigen,-9.441706657409668,,-9.842280492862002,,
1P4B__HL__P,train,antibody_antigen,-13.947468757629396,,-11.54777565021152,,
2HFG__HL__R,train,antibody_antigen,-12.58087921142578,,-13.709514575955433,,
3EYS__HL__Q,train,antibody_antigen,-7.408215522766113,,-9.796485181696278,,
1CZ8__XY__V,train,antibody_antigen,-14.1328125,,-10.660479250601409,,
2EH8__HL__P,train,antibody_antigen,-11.294501304626465,,-8.970473055142742,,
2UZI__HL__R,train,antibody_antigen,-11.197205543518066,,-12.979813044725702,,
1AKJ__AB__DE,train,tcr_pmhc,-5.337104320526123,,-5.566562752562853,,
2I25__N__L,train,other,-12.360586166381836,,-10.125306113900438,,
1EZU__C__AB,train,other,-13.867080688476562,,-10.27149407417049,,
2TGP__Z__I,train,other,-7.589636325836182,,-9.274619780248813,,
1GXD__A__C,train,other,-11.377227783203123,,-11.77484448544912,,
3F1P__A__B,train,other,-7.84818172454834,,-8.977005624277867,,
1ZLI__A__B,train,other,-12.12277603149414,,-10.540094064221828,,
1RLB__ABCD__E,train,other,-8.23399829864502,,-9.252999574396197,,
1JWH__CD__A,train,other,-11.191540718078612,,-10.090756370885483,,
3BX7__A__C,train,other,-10.97087860107422,,-10.333715247011426,,
2HQS__A__H,train,other,-10.221593856811523,,-11.699859225422506,,
1GPW__A__B,train,other,-11.40062141418457,,-10.814019520695036,,
3E3Q__AC__DE,train,tcr_pmhc,-9.461792945861816,,-9.168896291905384,,
3DXA__AC__DE,train,tcr_pmhc,-8.898818016052246,,-8.7198834446416,,
5W08__KL__C,train,antibody_antigen,-10.092617988586426,,-9.702327584910215,,
5TOJ__E__B,train,antibody_antigen,-10.420490264892578,,-12.435288721544648,,
4J8R__AB__I,train,antibody_antigen,-10.503296852111816,,-9.921053100944038,,
5NQW__C__B,train,antibody_antigen,-12.07886791229248,,-10.177331511003965,,
6BF4__BC__A,train,antibody_antigen,-9.208094596862791,,-7.583435874233112,,
5C0S__HL__A,train,antibody_antigen,-11.068830490112305,,-11.474689065817858,,
5O2U__D__C,train,antibody_antigen,-12.498072624206545,,-9.933940234331029,,
2Y06__HL__P,train,antibody_antigen,-8.3176908493042,,-8.497081363610443,,
4JAN__AB__I,train,antibody_antigen,-10.503296852111816,,-10.553372466099221,,
5T6P__CD__E,train,antibody_antigen,-8.261221885681152,,-9.092016651492344,,
4D9R__HL__A,train,antibody_antigen,-15.549605369567873,,-10.650841663121605,,
4R3S__AB__Q,train,antibody_antigen,-11.216632843017578,,-9.18489574902054,,
3GJF__HL__AC,train,tcr_pmhc,-9.823477745056152,,-8.931792021150853,,
6MHR__AB__C,train,antibody_antigen,-10.446826934814451,,-12.671677083742834,,
5YWY__HL__A,train,antibody_antigen,-9.862343788146973,,-10.562515684655974,,
6A0Z__HL__A,train,antibody_antigen,-9.925885200500488,,-9.778047597633822,,
6FLB__HL__G,train,antibody_antigen,-12.278223037719728,,-13.246934211789673,,
4QTI__HL__U,train,antibody_antigen,-10.592657089233398,,-11.284789038074416,,
5VYF__AB__C,train,antibody_antigen,-13.271611213684082,,-12.441439792985138,,
4M1D__IM__Q,train,antibody_antigen,-10.420490264892578,,-9.347613415049384,,
4K9E__HL__C,train,antibody_antigen,-15.271135330200195,,-11.391422984177384,,
2J6E__IM__B,train,antibody_antigen,-8.488138198852539,,-10.280039231778288,,
2J5L__BC__A,train,antibody_antigen,-9.704584121704102,,-9.311895537296088,,
6B0G__CD__E,train,antibody_antigen,-10.243637084960938,,-12.207895388220484,,
5HVG__B__A,train,antibody_antigen,-12.551972389221191,,-12.916641516651996,,
5YHL__HL__A,train,antibody_antigen,-10.56572151184082,,-10.384453630815035,,
6AXK__AB__E,train,antibody_antigen,-8.88902473449707,,-11.748406347638257,,
5MYX__AB__E,train,antibody_antigen,-11.138134956359863,,-10.293624924660262,,
6D6U__KL__D,train,antibody_antigen,-11.206839561462402,,-12.007615242238625,,
5J3H__CD__E,train,antibody_antigen,-11.735334396362305,,-11.512592636830234,,
4LIQ__HL__E,train,antibody_antigen,-13.23179054260254,,-11.492180681289582,,
3UX9__BB__A,train,antibody_antigen,-12.451045036315918,,-11.016829059317827,,
5CJQ__HL__AB,train,antibody_antigen,-12.688902854919434,,-12.858359753215346,,
4HWB__HL__A,train,antibody_antigen,-12.6112699508667,,-10.901045572793777,,
5DO2__HL__A,train,antibody_antigen,-9.263898849487305,,-10.58475753529739,,
6B0S__HL__C,train,antibody_antigen,-9.208094596862791,,-11.198196603771082,,
5NMV__HL__K,train,antibody_antigen,-12.278223037719728,,-12.252340597976701,,
3SKJ__HL__E,train,antibody_antigen,-12.403072357177734,,-10.356349624031777,,
5W0K__HL__A,train,antibody_antigen,-9.7712984085083,,-9.032694176858048,,
3V6Z__CD__E,train,antibody_antigen,-11.570841789245604,,-10.14297999380575,,
3WIH__HL__A,train,antibody_antigen,-10.533687591552734,,-10.872665431947372,,
5IES__HL__C,train,antibody_antigen,-8.777772903442383,,-11.163923235345763,,
4K3J__HL__B,train,antibody_antigen,-12.17020034790039,,-11.928385841068673,,
6DBG__C__B,train,other,-13.40223789215088,,-13.513824897563028,,
1IJK__A__BC,train,other,-10.420490264892578,,-10.725233649866714,,
5VNW__D__A,train,other,-8.685522079467773,,-9.99774739773264,,
1XQS__A__C,train,other,-7.076467514038086,,-9.00851722984593,,
1JMO__A__HL,train,other,-9.441706657409668,,-7.839908623613333,,
5WHK__HL__AB,train,antibody_antigen,-11.92668628692627,,-10.439500510510335,,
1XU1__ABD__T,train,other,-11.178394317626951,,-8.9405712750794,,
1AXI__A__B,train,other,-10.714621543884276,,-11.924514512409637,,
1C9P__B__A,train,other,-12.278223037719728,,-12.047441554138326,,
1F7Z__I__A,train,other,-6.693784713745117,,-10.578529783367395,,
1I5K__CD__AB,train,other,-10.06371021270752,,-10.93808502663785,,
1K93__D__A,train,other,-10.503296852111816,,-9.92912152302099,,
1L4Z__A__B,train,other,-9.149209022521973,,-10.441924535172792,,
1LW6__I__E,train,other,-15.960285186767578,,-15.00796007084877,,
1MXE__A__E,train,other,-16.37096405029297,,-11.605497893934112,,
1P1Z__P__A,train,other,-5.589197158813477,,-7.990690295748092,,
1PJM__A__B,train,other,-9.2014741897583,,-7.610742814822442,,
1T0P__A__B,train,other,-6.278346538543701,,-10.44152260466555,,
1TE1__B__A,train,other,-11.553154945373535,,-9.37067913479472,,
1U0S__Y__A,train,other,-9.05624294281006,,-10.71501317158576,,
1VEU__A__B,train,other,-10.767715454101562,,-9.996492677968599,,
1WA7__B__A,train,other,-6.8466572761535645,,-9.41305361123172,,
1Y8N__B__A,train,other,-8.092459678649902,,-7.9909635010129065,,
2A24__B__A,train,other,-6.170323848724365,,-8.897989886750144,,
2BE6__A__D,train,other,-11.705299377441406,,-11.17468691012,,
2G81__I__E,train,other,-10.731796264648438,,-12.205430464528007,,
2IBF__BD__A,train,other,-11.061185836791992,,-9.771882733619046,,
2JGZ__B__A,train,other,-4.092741012573242,,-8.51282350833325,,
2JU0__B__A,train,other,-9.549729347229004,,-10.76647841696967,,
2KQS__B__A,train,other,-5.807974338531494,,-7.238619594378328,,
2L1L__A__B,train,other,-11.125300407409668,,-10.351263076627466,,
2LUH__B__A,train,other,-8.396806716918945,,-9.832598490535588,,
2LZ6__B__A,train,other,-6.713212490081787,,-5.393265135239342,,
2MRO__B__A,train,other,-5.2167558670043945,,-3.5100619787851652,,
2N2H__B__A,train,other,-8.228479385375977,,-9.995762941233652,,
2ODY__E__AB,train,other,-11.92996883392334,,-11.390014899370552,,
2OMY__B__A,train,other,-9.139049530029297,,-10.388683021770426,,
2QEJ__AB__CD,train,other,-12.221753120422363,,-8.526313975785662,,
2RA3__CI__AB,train,other,-14.59603786468506,,-13.970586413224725,,
2RUK__B__A,train,other,-6.2973713874816895,,-6.763067786169476,,
2WH6__B__A,train,other,-10.56572151184082,,-8.868630766228199,,
2WUC__HL__A,train,antibody_antigen,-9.26756763458252,,-9.31986334422005,,
2X1W__AB__MN,train,other,-10.635505676269531,,-9.477692237188773,,
2Z8W__D__A,train,other,-11.361315727233888,,-11.07632667899915,,
3ALZ__B__A,train,other,-8.57292366027832,,-10.480230392846615,,
3BPO__B__AC,train,other,-10.503296852111816,,-10.03356540387552,,
3CHW__P__A,train,other,-9.882776260375977,,-11.339986766105662,,
3D39__ABC__DE,train,tcr_pmhc,-8.44990062713623,,-7.951039566312158,,
3DCO__AB__N,train,other,-6.733298301696777,,-9.11549832616084,,
3DXC__B__A,train,other,-9.082579612731934,,-9.85170000301885,,
3FPU__B__A,train,other,-13.53444766998291,,-11.013146835972078,,
3G9W__D__A,train,other,-6.062301158905029,,-7.68125620925378,,
3GJN__AD__BC,train,other,-16.37096405029297,,-13.613733186275805,,
3H7B__C__A,train,tcr_pmhc,-5.985246658325195,,-6.703360182859846,,
3IM4__C__AB,train,other,-9.984594345092772,,-9.337616174016665,,
3KZ0__C__A,train,other,-8.954695701599121,,-8.88558805278797,,
3LK2__T__AB,train,other,-9.549729347229004,,-9.800533651373831,,
3MHP__C__AB,train,other,-7.586123943328857,,-9.716277852964595,,
3O40__B__A,train,other,-12.07886791229248,,-12.785553797237585,,
3O9W__CD__AB,train,tcr_pmhc,-7.104464054107666,,-8.890080168609858,,
3QEQ__AC__DE,train,tcr_pmhc,-5.142598628997803,,-7.431423540593331,,
3QS7__EF__AB,train,other,-10.092617988586426,,-11.262063813219994,,
3R0L__ABC__D,train,other,-11.387080192565918,,-14.366879055160348,,
3SCM__AB__CD,train,tcr_pmhc,-7.528675556182861,,-9.402928710395045,,
3SJH__B__A,train,other,-7.460413455963135,,-10.412066413763398,,
3T0Y__BD__AC,train,other,-9.160158157348633,,-6.9686487817033935,,
3TU3__B__A,train,other,-9.882776260375977,,-10.13565352580865,,
3UZ0__B__A,train,other,-8.52901554107666,,-10.001836349997202,,
3V96__B__A,train,other,-12.221753120422363,,-12.117383675647194,,
3VFS__B__AC,train,tcr_pmhc,-5.046308994293213,,-6.0387727434881215,,
3VUX__G__A,train,other,-6.883659362792969,,-6.0600751071403876,,
3VYS__C__AB,train,other,-7.805193424224853,,-8.375156114081188,,
3WKN__EF__BC,train,other,-11.99975299835205,,-10.612776656723566,,
3WRY__C__A,train,other,-8.879390716552734,,-10.506835836864534,,
3ZO0__A__B,train,other,-8.67595386505127,,-7.795591556450326,,
3ZWL__E__B,train,other,-9.271259307861328,,-8.63993646189315,,
4AG2__C__A,train,other,-11.197205543518066,,-11.116802948986804,,
4ASW__C__AB,train,other,-9.549729347229004,,-9.95259572431455,,
4B1X__M__B,train,other,-7.315788745880127,,-8.772614935330711,,
4BQ6__EF__B,train,other,-10.325489044189451,,-9.696677185304456,,
4C1N__CJ__D,train,other,-10.56243896484375,,-10.207102403143555,,
4CT0__B__A,train,other,-10.30394172668457,,-12.135541633902223,,
4DJZ__H__AB,train,other,-11.125300407409668,,-10.090677198582922,,
4DT1__B__A,train,other,-8.52901554107666,,-10.851026649492717,,
4EDW__HL__V,train,other,-10.913975715637209,,-11.80720823374266,,
4GH7__B__A,train,other,-11.239790916442873,,-10.102587600756516,,
4GN4__B__A,train,other,-8.999773025512695,,-11.020868963388917,,
4H6J__B__A,train,other,-9.169440269470217,,-8.567233469004544,,
4HFF__B__A,train,other,-13.056181907653809,,-11.732568930212153,,
4IIQ__C__AB,train,tcr_pmhc,-6.1508965492248535,,-8.116537772258816,,
4IU3__B__A,train,other,-10.479205131530762,,-9.941861123746769,,
4JE4__B__A,train,other,-10.714621543884276,,-9.961601536916914,,
4JRY__DE__AC,train,tcr_pmhc,-6.278346538543701,,-6.374956358015266,,
4KGQ__CD__AB,train,other,-10.155041694641112,,-11.345464962231604,,
4KV5__EG__CD,train,other,-11.963833808898926,,-11.044821010841982,,
4M38__EF__AB,train,other,-6.713212490081787,,-7.490097381164819,,
4ML7__B__A,train,other,-13.053983688354492,,-9.880699245130991,,
4N7Z__B__A,train,other,-9.211432456970217,,-9.602481172665001,,
4NOO__B__A,train,other,-11.334211349487305,,-11.75151201166399,,
4P1N__CD__AB,train,other,-8.79079532623291,,-9.838657265870221,,
4P6I__CDEF__AB,train,other,-8.918904304504395,,-8.33261839821019,,
4PL8__H__AB,train,other,-8.860579490661621,,-8.4508483253025,,
4QT8__C__A,train,other,-8.939695358276367,,-9.679815597915416,,
4RGM__HL__S,train,antibody_antigen,-10.42307186126709,,-9.860697821602598,,
4TQ1__B__A,train,other,-4.714745044708252,,-7.587872243974961,,
4UWX__C__A,train,other,-7.04108476638794,,-6.860616590299644,,
4WFD__C__AB,train,other,-8.030035018920898,,-9.205319399174055,,
4YIZ__A__B,train,other,-11.046185493469238,,-8.294660093631123,,
4YYP__B__A,train,other,-8.939695358276367,,-8.145220980245908,,
4ZFF__C__AB,train,other,-11.324655532836914,,-12.367052633397913,,
5A6W__C__AB,train,other,-10.243637084960938,,-10.104767908602323,,
5AYS__C__A,train,other,-12.679497718811035,,-11.119557022059471,,
5BNQ__R__A,train,other,-13.379000663757324,,-11.441300192731601,,
5CJS__EF__JK,train,other,-10.944366455078123,,-12.521193756097343,,
5D1L__B__A,train,other,-9.34615707397461,,-9.143031708389678,,
5D7L__GH__AB,train,tcr_pmhc,-6.79799747467041,,-8.620388467009615,,
5DHA__ABC__D,train,other,-8.33269214630127,,-10.649771278017276,,
5E6J__BC__A,train,other,-6.709766387939453,,-5.748413379195871,,
5EJC__EF__A,train,other,-9.148004531860352,,-9.048725491259368,,
5EU6__ABC__DE,train,tcr_pmhc,-7.09498405456543,,-5.380410252092564,,
5FCU__HL__G,train,antibody_antigen,-11.216632843017578,,-12.290308461779155,,
5GIM__CD__AB,train,other,-12.637843132019045,,-11.452690219877114,,
5HPK__B__A,train,other,-10.93202304840088,,-9.251327860344832,,
5IVX__ABP__EF,train,tcr_pmhc,-8.550562858581543,,-8.147581022095627,,
5JLV__C__A,train,other,-10.673744201660156,,-11.362359998823765,,
5KHO__A__C,train,other,-8.247906684875488,,-9.979328235210856,,
1A4Y__A__B,train,other,-20.863882064819336,,-17.33549318028979,,
1AO7__ABC__DE,train,tcr_pmhc,-7.416268348693848,,-8.00104157761851,,
1BJ1__HL__VW,train,other,-11.54734230041504,,-11.70412255185362,,
1CBW__FGH__I,train,other,-10.593104362487791,,-12.275033475669971,,
1E96__A__B,train,other,-9.259526252746582,,-10.235523537655427,,
1JTG__A__B,train,other,-13.5791654586792,,-11.392453833158887,,
1KIP__AB__C,train,other,-10.696675300598145,,-10.828917874857881,,
1LP9__ABC__EF,train,tcr_pmhc,-6.86077880859375,,-7.060498804333795,,
1NCA__N__HL,train,other,-9.955397605895996,,-9.369478008236008,,
1S1Q__A__B,train,other,-4.286464214324951,,-5.175953129384463,,
1Z7X__W__X,train,other,-18.41984748840332,,-12.487050278279916,,
2AK4__ABC__DE,train,tcr_pmhc,-6.4471306800842285,,-7.716017529531763,,
2B42__A__B,train,other,-12.10883903503418,,-12.281247209787908,,
2E7L__EQ__AD,train,tcr_pmhc,-10.149932861328123,,-9.06699644938347,,
2HLE__A__B,train,other,-10.087539672851562,,-8.663807370570154,,
2NOJ__A__B,train,other,-10.753116607666016,,-12.24591468778159,,
2SIC__E__I,train,other,-14.651087760925291,,-14.497637902879173,,
3AAA__AB__C,train,other,-10.293463706970217,,-9.451197099901437,,
3EQS__A__B,train,other,-11.583243370056152,,-11.434599123512479,,
3IDX__HL__G,train,other,-8.912378311157227,,-10.831264849880313,,
3LB6__A__C,train,other,-18.818967819213867,,-13.374172036095933,,
3NPS__A__BC,train,other,-13.843450546264648,,-11.917849941648495,,
3QIB__ABP__CD,train,tcr_pmhc,-6.631376266479492,,-6.29181164820177,,
4E6K__AB__G,train,other,-7.399093627929687,,-7.8754676799128625,,
4JEU__A__B,train,other,-12.07279109954834,,-11.25808128227551,,
4K71__A__BC,train,other,-11.621461868286133,,-12.369462714199184,,
4L0P__A__B,train,other,-10.97087860107422,,-10.111707287187652,,
4N8V__G__ABC,train,tcr_pmhc,-6.345530033111572,,-8.913305804184114,,
4O27__A__B,train,other,-10.365869522094728,,-11.617136010231276,,
4PWX__AB__CD,train,other,-8.546260833740234,,-10.380414586588758,,
4WND__A__B,train,other,-9.867505073547363,,-9.463834045040693,,
4YFD__A__B,train,other,-8.409748077392578,,-9.237146907215328,,
5E6P__A__B,train,other,-7.640507221221924,,-7.174791146257518,,
5M2O__A__B,train,other,-11.376176834106444,,-11.312461477362639,,
2OQJ__DE__F,train,antibody_antigen,-5.046308994293213,,-8.859813495187664,,
3IFP__EF__S,train,antibody_antigen,-10.383057594299316,,-11.38200540984373,,
3FKU__UU__GH,train,antibody_antigen,-13.48702335357666,,-10.631043095268703,,
3H42__HL__AB,train,antibody_antigen,-15.549605369567873,,-12.082704479141452,,
1PZ5__AB__C,train,antibody_antigen,-7.364123344421387,,-10.924690994237391,,
3E8U__HL__P,train,antibody_antigen,-13.143031120300291,,-10.628152630180368,,
2ZPK__IM__Q,train,antibody_antigen,-7.957220077514648,,-9.677684499129525,,
1HH6__AB__C,train,antibody_antigen,-8.877099990844727,,-9.67065620288396,,
2VXQ__HL__A,train,antibody_antigen,-13.586000442504885,,-12.863096053249585,,
3P11__HL__A,train,antibody_antigen,-12.19545555114746,,-12.129501486897716,,
3R1G__HL__B,train,antibody_antigen,-12.12277603149414,,-11.388002864936853,,
2DD8__HL__S,train,antibody_antigen,-10.503296852111816,,-11.439558683038905,,
1ATN__A__D,train,other,-12.14617156982422,,-9.933862267278803,,
1J2J__A__B,train,other,-8.183542251586914,,-8.689885533901073,,
1M10__A__B,train,other,-11.312094688415527,,-9.776484485710442,,
1ZHI__A__B,train,other,-9.139049530029297,,-10.960496947836049,,
1I2M__A__B,train,other,-15.934250831604004,,-10.397438507043994,,
3CPH__G__A,train,other,-8.901662826538086,,-9.199483486511891,,
3SGB__E__I,train,other,-14.609297752380373,,-12.419457318180056,,
4DN4__HL__M,train,antibody_antigen,-14.20859718322754,,-12.807965443602225,,
1IBR__A__B,train,other,-12.15467929840088,,-10.13258392782676,,
1KKL__ABC__H,train,other,-10.090065956115724,,-10.083137522069475,,
5D2N__AC__DE,train,tcr_pmhc,-7.268574714660644,,-6.487957697650092,,
4QRP__AC__DE,train,tcr_pmhc,-7.647352695465088,,-7.901053144278369,,
4H1L__ABC__DE,train,tcr_pmhc,-6.025608062744141,,-6.607258492284543,,
2NY3__CD__A,train,antibody_antigen,-8.306685447692871,,-11.728957121693643,,
2X89__A__D,train,antibody_antigen,-10.036148071289062,,-9.244423528678828,,
1KXT__B__A,train,antibody_antigen,-9.043500900268556,,-12.374245466490269,,
4X7F__D__B,train,antibody_antigen,-10.30394172668457,,-10.026696392805126,,
5AAW__KK__L,train,antibody_antigen,-11.411266326904297,,-13.571797367035376,,
5HGG__T__A,train,antibody_antigen,-14.007551193237305,,-11.697031811863909,,
3LRH__G__H,train,antibody_antigen,-10.022832870483398,,-8.264826094146175,,
4ETQ__HL__C,train,antibody_antigen,-13.294215202331545,,-12.96703818089283,,
4AM0__CD__T,train,antibody_antigen,-12.792203903198242,,-14.732834062966731,,
6CDP__AB__C,train,antibody_antigen,-11.985122680664062,,-9.561522194001254,,
5VOB__HL__BD,train,antibody_antigen,-13.40223789215088,,-10.608231370627479,,
2FX9__HL__P,train,antibody_antigen,-10.599586486816406,,-12.790440473705333,,
5KN5__DE__F,train,antibody_antigen,-13.6307373046875,,-13.815062185339137,,
1N64__HL__P,train,antibody_antigen,-12.12277603149414,,-9.5350019219337,,
1ZA3__HL__R,train,antibody_antigen,-10.188907623291016,,-11.49274371236051,,
6DF2__HL__D,train,antibody_antigen,-9.880701065063477,,-9.544204324131035,,
2MPA__HL__P,train,antibody_antigen,-10.969853401184082,,-11.060826918472864,,
6FGB__HL__AB,train,antibody_antigen,-13.955084800720217,,-11.601368134207425,,
1NSN__HL__S,train,antibody_antigen,-13.642470359802246,,-11.938083237017908,,
3VG9__BC__A,train,antibody_antigen,-11.400394439697266,,-11.237609824837476,,
5T5F__HL__A,train,antibody_antigen,-13.262181282043455,,-12.46139181835717,,
2YPV__HL__A,train,antibody_antigen,-14.355806350708008,,-12.354787782954784,,
5B71__CD__F,train,antibody_antigen,-13.394390106201172,,-13.056437049227686,,
4ZS7__HL__A,train,antibody_antigen,-14.567130088806152,,-11.002144955903528,,
5K59__EF__B,train,antibody_antigen,-15.828075408935549,,-14.67788647134006,,
5JYL__DD__C,train,antibody_antigen,-10.99648666381836,,-10.064646231119916,,
6DDV__AB__C,train,tcr_pmhc,-11.238765716552734,,-11.567872454352615,,
4RGO__HL__S,train,antibody_antigen,-11.053638458251951,,-11.845557899784282,,
6MLK__HL__A,train,antibody_antigen,-10.758529663085938,,-11.589980848953706,,
2B2X__IM__B,train,antibody_antigen,-11.956904411315918,,-11.688339146116096,,
4YHZ__HL__P,train,antibody_antigen,-10.857505798339844,,-11.105386504745802,,
5YY4__AA__B,train,antibody_antigen,-8.774561882019043,,-10.188279550912224,,
4NP4__HL__A,train,antibody_antigen,-14.626428604125977,,-12.217064847740271,,
4FFZ__YZ__X,train,antibody_antigen,-8.705132484436035,,-10.145036279486066,,
1R6Q__A__C,train,other,-8.842348098754883,,-6.988096028256836,,
3BZD__A__B,train,tcr_pmhc,-9.573915481567385,,-10.095497484263573,,
4POU__B__A,train,antibody_antigen,-9.28247356414795,,-11.3595847823706,,
2GAF__D__A,train,other,-12.17020034790039,,-11.193679744397352,,
3DAW__A__B,train,other,-6.410555839538574,,-9.871541209143455,,
1B27__D__A,train,other,-19.099458694458008,,-12.886915406590129,,
1DP5__B__A,train,other,-12.34064769744873,,-10.67549966613278,,
1FFX__B__A,train,other,-9.139049530029297,,-9.20439940042861,,
1GO4__G__A,train,other,-8.16224479675293,,-10.16179643010411,,
1ICF__I__AB,train,other,-16.056575775146484,,-14.831261755880291,,
1KIG__I__HL,train,other,-13.294215202331545,,-11.835942151019003,,
1LZW__B__A,train,other,-8.842348098754883,,-8.30663626563122,,
1OQE__J__R,train,other,-9.49867057800293,,-9.423980717806488,,
1PK1__B__A,train,other,-9.914810180664062,,-10.81809737024732,,
1R8U__B__A,train,other,-10.758529663085938,,-11.658245538249146,,
1SHY__A__B,train,other,-9.612154006958008,,-9.936152444247767,,
1T5Z__A__B,train,other,-6.113853931427002,,-7.847503590404921,,
1TLH__B__A,train,other,-4.806077003479004,,-9.061576333764569,,
1UEL__B__A,train,other,-7.460413455963135,,-7.142383252532799,,
1VRC__CD__AB,train,other,-6.202796936035156,,-7.8265864297042675,,
1WLP__A__B,train,other,-8.44990062713623,,-6.418652837803485,,
1X1X__D__A,train,other,-9.925885200500488,,-13.042544988947537,,
1XWD__DE__F,train,other,-4.65367603302002,,-6.53330881640809,,
1YDI__B__A,train,other,-11.936588287353516,,-11.832826329891185,,
1Z92__A__B,train,other,-10.913975715637209,,-10.127627373160408,,
2A7U__B__A,train,other,-9.441706657409668,,-6.748769539841465,,
2B10__D__C,train,other,-6.821235179901123,,-9.349610769048466,,
2D10__E__A,train,other,-11.963833808898926,,-10.354384906340599,,
2EFH__B__A,train,other,-10.155041694641112,,-11.01243299203517,,
2GH0__CD__AB,train,other,-9.612154006958008,,-9.123000139241299,,
2KDE__BC__A,train,other,-6.890279769897461,,-6.507402168674117,,
2KXH__A__B,train,other,-6.621880531311035,,-9.157916379090139,,
2L2L__B__A,train,other,-10.78652572631836,,-10.171957228573758,,
2LOX__B__A,train,other,-9.169440269470217,,-10.312364377097257,,
2LVP__AB__C,train,other,-6.647832870483398,,-7.006460117800483,,
2M0G__B__A,train,other,-9.653030395507812,,-9.334916746153375,,
2MV7__B__A,train,other,-12.014753341674805,,-8.502703474242157,,
2OJE__D__ABC,train,tcr_pmhc,-8.488138198852539,,-8.98725797914255,,
2ONL__C__A,train,other,-11.216632843017578,,-10.13705652306544,,
2PCC__B__A,train,other,-7.907011985778809,,-10.507908953221126,,
2QIY__C__A,train,other,-9.446664810180664,,-8.371124080694122,,
2RMK__A__B,train,other,-9.235340118408203,,-10.656682099126398,,
2V1D__C__AB,train,other,-9.960408210754396,,-9.595826508374811,,
2VSM__A__B,train,other,-10.171732902526855,,-9.152567710861652,,
2WBY__CD__A,train,other,-10.503296852111816,,-10.898881115967672,,
2WJV__D__A,train,other,-9.139049530029297,,-9.264352397782062,,
2WVW__AH__STWX,train,other,-7.774802684783935,,-9.406754914420551,,
2Y5B__B__A,train,other,-7.335216045379639,,-6.935092421948083,,
3C4M__C__A,train,other,-8.1974515914917,,-8.036592005578244,,
3CQX__CD__AB,train,other,-7.294338703155518,,-8.6968358975168,,
3D5O__F__ABCDE,train,other,-8.185482025146484,,-7.400979153141414,,
3DGC__L__R,train,other,-12.278223037719728,,-10.16378397782197,,
3EJH__E__A,train,other,-7.231914520263672,,-8.44330227242617,,
3FXD__BD__AC,train,other,-10.503296852111816,,-9.36011839601627,,
3GC3__B__A,train,other,-7.7458953857421875,,-7.782756919802725,,
3GS2__BD__AC,train,other,-10.96337890625,,-8.43182096005388,,
3H8K__B__A,train,other,-10.47438907623291,,-10.839803935470583,,
3IT8__ABC__DEF,train,tcr_pmhc,-14.14250946044922,,-13.51029379335418,,
3K2U__HL__A,train,antibody_antigen,-13.36400032043457,,-11.212543650712627,,
3L33__E__A,train,other,-9.367548942565918,,-11.361551926717407,,
3MJH__B__A,train,other,-7.6667799949646,,-10.978822544717989,,
3O4O__A__C,train,other,-7.6767377853393555,,-9.80375944194507,,
3OED__A__C,train,other,-8.596160888671875,,-10.661929053722845,,
3ONA__B__A,train,other,-8.413981437683105,,-9.84965141099815,,
3OUX__B__A,train,other,-10.171732902526855,,-9.600454736367936,,
3P95__E__A,train,other,-7.945250034332275,,-8.798229031161187,,
3Q9U__C__A,train,other,-11.301417350769045,,-11.716461278705909,,
3QTL__D__ABC,train,other,-12.066306114196776,,-13.075089780321406,,
3R4D__A__B,train,other,-10.463210105895996,,-10.33675940700033,,
3RGV__DE__AC,train,tcr_pmhc,-6.581003189086914,,-6.266411344996163,,
3SDC__AB__CD,train,tcr_pmhc,-6.781702518463135,,-9.239338332386968,,
3SO3__BC__A,train,other,-12.833081245422363,,-13.900610415583825,,
3T6G__B__A,train,other,-10.26306438446045,,-9.417001974988596,,
3TVM__CD__AB,train,tcr_pmhc,-9.938311576843262,,-8.497561913325047,,
3UAI__D__A,train,other,-10.022832870483398,,-9.062274373068458,,
3VWJ__AB__CD,train,other,-8.363882064819336,,-6.7226180556226245,,
3W6J__BC__A,train,other,-9.89326286315918,,-9.445114871900833,,
3WN5__C__AB,train,other,-7.907011985778809,,-8.531918018752918,,
3WWQ__AH__C,train,other,-6.063949108123779,,-6.150134462122628,,
3ZS8__CD__AB,train,other,-9.948675155639648,,-10.004958687749252,,
3ZYI__B__A,train,other,-11.10043716430664,,-12.111062431999942,,
4AUQ__ACDF__BE,train,other,-5.274807929992676,,-6.009471896421834,,
4BRU__B__A,train,other,-9.139049530029297,,-9.001694833333591,,
4C2B__B__A,train,other,-10.976400375366213,,-10.083599233389572,,
4CDK__E__A,train,other,-7.805193424224853,,-10.123353942812463,,
4D0G__C__A,train,other,-7.8372273445129395,,-7.883581384272331,,
4DKE__IM__B,train,antibody_antigen,-13.53444766998291,,-10.914474418309318,,
4EEF__AB__G,train,other,-12.58087921142578,,-11.918159493249712,,
4EOZ__BD__AC,train,other,-8.185482025146484,,-8.677921121635519,,
4F38__B__A,train,other,-11.647397994995115,,-11.070593033498529,,
4G6U__B__A,train,other,-10.572340965270996,,-10.909904115065533,,
4GIQ__A__R,train,other,-7.74872350692749,,-11.545655796055966,,
4GRL__ACD__B,train,tcr_pmhc,-5.201163291931152,,-8.539830767405812,,
4HCN__B__A,train,other,-5.418564796447754,,-5.65532109911393,,
4HGM__B__A,train,other,-10.635505676269531,,-10.197089745872848,,
4I6L__B__A,train,other,-10.503296852111816,,-11.160387890084387,,
4IKA__D__A,train,other,-5.784860610961914,,-5.126403852974123,,
4IYP__C__A,train,other,-8.898818016052246,,-10.477542375821297,,
4JW2__B__A,train,other,-11.503055572509766,,-11.996809306211688,,
4KJY__B__A,train,other,-14.166409492492676,,-10.868181365817344,,
4L67__B__A,train,other,-8.860579490661621,,-8.111367234745389,,
4M6B__C__A,train,other,-11.116896629333496,,-9.758011999708028,,
4MP0__B__A,train,other,-10.99648666381836,,-9.602260416981188,,
4NEE__C__BD,train,other,-7.8372273445129395,,-8.279107939479987,,
4NSO__B__A,train,other,-12.29019260406494,,-11.22712420154699,,
4PJ2__D__A,train,other,-14.08980941772461,,-13.448338699237201,,
4PJD__AB__EF,train,tcr_pmhc,-7.718332767486572,,-8.02120317332255,,
4QZV__A__B,train,other,-6.067259311676025,,-9.034578924025634,,
4U2X__D__A,train,other,-12.278223037719728,,-10.962362298000683,,
4UEM__B__A,train,other,-11.178394317626951,,-11.879135803697874,,
4V2C__D__C,train,other,-6.472980499267578,,-8.607737195679864,,
4WWI__D__A,train,other,-10.66589641571045,,-9.219387361802454,,
4XKL__A__B,train,other,-6.013359546661377,,-5.767560444959119,,
4XXB__B__A,train,other,-7.953203201293945,,-9.397570097317463,,
4Z5R__VW__F,train,antibody_antigen,-14.658462524414062,,-12.574563017571169,,
4ZRJ__B__A,train,other,-7.554656982421875,,-9.746310217565982,,
5ABV__B__A,train,other,-12.665664672851562,,-9.063970323724215,,
5B64__B__A,train,other,-9.761054039001465,,-9.714863052782686,,
5C0B__ABC__DE,train,tcr_pmhc,-8.596160888671875,,-6.712304299292544,,
5D1Z__I__CD,train,other,-16.37096405029297,,-14.602979602182621,,
5D93__BC__A,train,other,-10.635505676269531,,-11.577846991885748,,
5DJT__B__A,train,other,-10.599586486816406,,-10.54428862345324,,
5EB1__BD__AC,train,other,-9.350374221801758,,-9.700266171735002,,
5EO9__B__A,train,other,-8.774561882019043,,-9.710059437041226,,
5GLH__B__A,train,other,-14.575655937194824,,-14.022729447961762,,
5H6R__C__AB,train,other,-7.09498405456543,,-9.194166846687928,,
5IMT__D__A,train,other,-8.779385566711426,,-10.043012568777653,,
5JEM__AB__CD,train,other,-7.121920108795166,,-9.029681379894953,,
5JSB__B__A,train,other,-9.309496879577637,,-10.240993160861516,,
5JTR__EFGH__ABCD,train,other,-7.6425933837890625,,-8.612751088449375,,
1ACB__E__I,train,other,-15.910113334655762,,-14.815540011362838,,
1B2S__A__D,train,other,-13.368485450744627,,-13.848878027704473,,
1BP3__A__B,train,other,-14.292141914367676,,-10.22693541105784,,
1DQJ__AB__C,train,other,-11.666563987731934,,-13.018973584409784,,
1JCK__A__B,train,other,-7.53078031539917,,-9.737314939845714,,
1MAH__A__F,train,other,-17.200822830200195,,-11.854855763615884,,
1QAB__ABCD__E,train,other,-8.655352592468262,,-9.856192192335953,,
1U7F__B__AC,train,other,-10.264854431152344,,-8.2496285561182,,
1YCS__A__B,train,other,-7.585012912750244,,-9.326565921064205,,
2A9K__A__B,train,other,-10.243969917297363,,-10.647779582405596,,
2AW2__A__B,train,other,-9.078010559082031,,-8.419072594680902,,
2BDN__HL__A,train,other,-12.40418815612793,,-9.693609420427158,,
2C5D__AB__CD,train,other,-11.318958282470703,,-9.460417387296173,,
2HRK__A__B,train,other,-9.920890808105469,,-11.54643737147687,,
2NY7__HL__G,train,other,-10.143389701843262,,-11.16514630220113,,
2OOB__A__B,train,other,-5.829092979431152,,-5.866944647775016,,
2VIR__AB__C,train,other,-12.272046089172363,,-12.762761854890366,,
3BK3__A__C,train,other,-10.441571235656738,,-9.604802970473509,,
3EQY__A__C,train,other,-11.00472640991211,,-9.728820841909638,,
3HFM__HL__Y,train,other,-14.348583221435549,,-12.884182131305527,,
3KBH__A__E,train,other,-9.773308753967283,,-10.91165173627238,,
3LZF__AB__HL,train,other,-11.729430198669434,,-9.74756329055176,,
3MZW__A__B,train,other,-14.505928993225098,,-11.518339862138477,,
3NVN__B__A,train,other,-11.128769874572754,,-9.859453530292564,,
3R9A__AC__B,train,other,-7.439494132995605,,-8.6174981216447,,
3SE4__B__A,train,other,-5.9968581199646,,-8.076822492086997,,
3SF4__A__D,train,other,-11.753604888916016,,-10.437105731221957,,
3UIH__A__P,train,other,-5.341359615325928,,-6.562490731029359,,
4EKD__A__B,train,other,-10.441571235656738,,-10.807232222951985,,
4GU0__A__E,train,other,-8.162525177001953,,-8.667005512732011,,
4HSA__AB__C,train,other,-11.73898220062256,,-11.136609610241695,,
4KRL__A__B,train,other,-9.080708503723145,,-9.611554677933077,,
4LRX__AB__CD,train,other,-6.467328071594238,,-9.216444194791451,,
4NKQ__C__AB,train,other,-12.694482803344728,,-11.020398249845016,,
4OZG__ABJ__GH,train,tcr_pmhc,-6.437074661254883,,-7.08458559765958,,
4X4M__AB__E,train,other,-10.984186172485352,,-10.020922991095281,,
4ZS6__HL__A,train,other,-8.871114730834961,,-11.338761731896737,,
5TAR__A__B,train,other,-7.688126087188721,,-9.63966137095019,,
2QHR__HL__P,train,antibody_antigen,-10.077987670898438,,-12.171823947274966,,
3UC0__IM__B,train,antibody_antigen,-12.610695838928224,,-12.189465162895301,,
3B2U__FG__E,train,antibody_antigen,-12.278223037719728,,-12.712342619294045,,
3KR3__HL__D,train,antibody_antigen,-14.065118789672852,,-13.038224113786725,,
2WUB__QR__C,train,antibody_antigen,-9.309496879577637,,-11.051883422003169,,
2XTJ__BD__A,train,antibody_antigen,-11.400394439697266,,-11.35347289649188,,
3O6L__HL__C,train,antibody_antigen,-9.93442153930664,,-8.179905400094697,,
3L95__AB__X,train,antibody_antigen,-11.735334396362305,,-11.763980955448492,,
1EER__A__BC,train,other,-15.700413703918455,,-10.665749017136108,,
4HX3__BD__A,train,other,-7.407031536102295,,-9.166176644308,,
1AVX__A__B,train,other,-12.585168838500977,,-11.269876080772685,,
1BVN__P__T,train,other,-15.157116889953612,,-11.177231701571042,,
2I9B__E__A,train,other,-13.021858215332031,,-9.865626369666872,,
1AVZ__B__C,train,other,-6.586654186248779,,-9.109457273975329,,
1KLU__AB__D,train,tcr_pmhc,-7.330160140991211,,-9.930616655104604,,
1NB5__AP__I,train,other,-13.95530891418457,,-13.219955920672893,,
4G6M__HL__A,train,antibody_antigen,-13.005099296569824,,-11.30109888093455,,
3RVW__CD__A,train,antibody_antigen,-10.528388023376465,,-12.051267827026598,,
1PPE__E__I,train,other,-15.667327880859377,,-15.483772649323186,,
1WDW__BD__A,train,other,-12.798068046569824,,-11.499790031075438,,
1ZM4__A__B,train,other,-8.083901405334473,,-9.417510981071574,,
4Z7U__ABC__DE,train,tcr_pmhc,-8.156574249267578,,-8.302504777673526,,
4MJI__AC__DE,train,tcr_pmhc,-5.576014041900635,,-5.872769752288672,,
1FYT__ABC__DE,train,tcr_pmhc,-5.867667198181152,,-7.487022479332738,,
6H7O__D__B,train,antibody_antigen,-13.443115234375,,-10.512980283318065,,
3DVN__AB__XY,train,antibody_antigen,-9.59913158416748,,-9.285516096310975,,
5TKJ__JK__L,train,antibody_antigen,-11.112738609313965,,-11.04869518214673,,
5IP4__A__E,train,antibody_antigen,-8.657270431518555,,-9.255045934268761,,
4HJ0__CD__B,train,antibody_antigen,-10.420490264892578,,-10.14348962877338,,
5U8Q__HL__A,train,antibody_antigen,-7.6667799949646,,-10.550237068574786,,
6H06__EF__J,train,antibody_antigen,-7.164768695831299,,-9.574606850507514,,
5HYS__AB__G,train,antibody_antigen,-14.20188045501709,,-10.617541455855145,,
5E7F__B__H,train,antibody_antigen,-10.969853401184082,,-10.619676724956989,,
1UWX__HL__P,train,antibody_antigen,-7.907011985778809,,-10.062819659264852,,
5IMM__B__A,train,antibody_antigen,-11.535980224609377,,-12.921605504105333,,
4WV1__AB__C,train,antibody_antigen,-11.71209716796875,,-11.396994895384992,,
4G6F__HL__P,train,antibody_antigen,-10.599586486816406,,-11.093358796887351,,
5A2J__HH__P,train,antibody_antigen,-7.9861273765563965,,-8.563466276961298,,
4DKF__HL__A,train,antibody_antigen,-11.607884407043455,,-10.37332638099738,,
4FQV__JN__CD,train,antibody_antigen,-12.221753120422363,,-12.223421425691727,,
6D01__GH__J,train,antibody_antigen,-8.927133560180664,,-10.446773132520619,,
4YBL__BC__A,train,antibody_antigen,-13.328081130981444,,-13.439898257819445,,
3IDY__BC__A,train,antibody_antigen,-11.450968742370604,,-10.936606350765159,,
3FN0__HL__P,train,antibody_antigen,-5.999876499176025,,-9.655946056788542,,
5OMM__C__AB,train,antibody_antigen,-10.890738487243652,,-11.22287368508572,,
6DDR__AB__C,train,tcr_pmhc,-12.3148832321167,,-13.375015127702667,,
6MFT__AB__C,train,antibody_antigen,-7.691996097564697,,-10.761528476693845,,
1QFW__IM__B,train,antibody_antigen,-10.913975715637209,,-9.398478280514885,,
1DEE__EF__H,train,antibody_antigen,-8.728370666503906,,-8.279748258238222,,
3UBX__HL__A,train,antibody_antigen,-10.366366386413574,,-10.509371900566343,,
5CD5__CD__A,train,antibody_antigen,-8.920950889587402,,-9.619526204846757,,
3HI1__HL__G,train,antibody_antigen,-10.846830368041992,,-11.379602621199368,,
3LEV__HL__A,train,antibody_antigen,-12.58087921142578,,-12.391159173158574,,
4M62__IM__T,train,antibody_antigen,-11.71897315979004,,-12.658450706940728,,
5TE4__HL__G,train,antibody_antigen,-10.919930458068848,,-10.930210188320455,,
5E2W__HL__P,train,antibody_antigen,-10.243637084960938,,-10.868238919360039,,
1IQD__AB__C,train,antibody_antigen,-14.80736255645752,,-12.655271095729486,,
4WEU__E__A,train,antibody_antigen,-7.154282093048096,,-10.95009429114148,,
4HS6__AB__Z,train,antibody_antigen,-10.26306438446045,,-10.007928296864861,,
2A6D__AB__P,train,antibody_antigen,-9.309496879577637,,-10.579442754100892,,
1SM3__HL__P,train,antibody_antigen,-6.302533149719238,,-7.460913301210406,,
4D9Q__DE__B,train,antibody_antigen,-14.355806350708008,,-11.886192440783018,,
5IMK__B__A,train,antibody_antigen,-8.281771659851074,,-9.696333413899177,,
1DE4__AB__CF,train,other,-9.778228759765623,,-10.455179441205672,,
4FP8__HL__A,train,other,-8.685522079467773,,-7.426551437239452,,
5SV3__C__D,train,antibody_antigen,-13.919047355651855,,-14.576375752269305,,
4Y7M__A__C,train,other,-11.996061325073242,,-11.405926531210596,,
1OC0__A__B,train,other,-12.278223037719728,,-10.780008588975491,,
1A3B__I__HL,train,other,-12.991559028625488,,-11.825270344172852,,
1B3S__D__A,train,other,-13.549448013305664,,-12.870353126472114,,
1EFX__D__AC,train,tcr_pmhc,-6.851625442504883,,-9.406240016911063,,
1FLT__XY__VW,train,other,-12.097787857055664,,-11.868539885705438,,
1H0T__B__A,train,other,-7.123891353607178,,-8.11271461412663,,
1IHS__I__HL,train,other,-12.991559028625488,,-13.664969690885714,,
1NM5__C__AB,train,other,-9.85238552093506,,-9.944287767618835,,
1OYH__L__I,train,other,-10.06371021270752,,-9.49212060880541,,
1P4L__D__ABP,train,tcr_pmhc,-7.534570693969727,,-8.805315402300293,,
1Q0W__B__A,train,other,-4.853336334228516,,-4.075956755329436,,
1RKC__B__A,train,other,-10.10761833190918,,-9.470811220498998,,
1TAW__B__A,train,other,-14.59603786468506,,-10.602821197374842,,
1TT5__E__AB,train,other,-6.354085922241211,,-7.263967823249946,,
1UL1__A__X,train,other,-9.85238552093506,,-9.734952983034141,,
1VSQ__C__AB,train,other,-4.503420352935791,,-6.632165866736283,,
1WR1__A__B,train,other,-6.588955879211426,,-5.668731958282702,,
1X75__CD__AB,train,other,-10.582411766052246,,-10.369631908969179,,
1Y6K__R__L,train,other,-12.278223037719728,,-10.117082989083986,,
1YK1__E__AB,train,other,-10.013687133789062,,-11.219575117252027,,
1ZGU__B__A,train,other,-5.468957901000977,,-6.49746254590784,,
2AQ1__C__D,train,tcr_pmhc,-11.26818561553955,,-9.28653405412041,,
2B2W__D__ABC,train,other,-7.231914520263672,,-8.466927048982443,,
2BYK__A__B,train,other,-7.691996097564697,,-8.486880002986585,,
2DEN__B__A,train,other,-6.506845951080322,,-6.158906754333085,,
2F31__B__A,train,other,-9.537996292114258,,-10.258963975285951,,
2I3S__B__A,train,other,-7.426548004150391,,-9.45568902957094,,
2IJ0__CE__AB,train,other,-13.294215202331545,,-13.349873976719856,,
2J59__R__F,train,other,-9.903938293457031,,-9.946646551631291,,
2JOD__A__B,train,other,-8.807485580444336,,-9.43128688280615,,
2KHS__B__A,train,other,-8.79079532623291,,-9.596728863005866,,
2KYG__AB__C,train,other,-9.787006378173828,,-9.64561524962075,,
2LP4__Y__A,train,other,-3.271382570266724,,-9.25838971103119,,
2LWW__B__A,train,other,-9.882776260375977,,-10.479935394755849,,
2M49__B__A,train,other,-6.821235179901123,,-8.328813278254355,,
2MLZ__B__A,train,other,-6.621880531311035,,-7.617175740082157,,
2MZD__B__A,train,other,-8.26324462890625,,-7.203302914050571,,
2NQD__A__B,train,other,-14.200359344482422,,-12.09020357559109,,
2OMU__A__B,train,other,-12.58087921142578,,-11.93519649119159,,
2OT8__D__B,train,other,-10.503296852111816,,-11.03170375569422,,
2PJY__BC__A,train,other,-8.596160888671875,,-8.636807451097923,,
2RNR__B__A,train,other,-9.309496879577637,,-9.906940077420908,,
2V4Z__B__A,train,other,-8.05327320098877,,-8.65426253982859,,
2W2M__E__AP,train,other,-9.151020050048828,,-9.60157219349448,,
2WEL__D__A,train,other,-8.488138198852539,,-7.513352375241793,,
2WO3__B__A,train,other,-7.691996097564697,,-8.938589557814542,,
2XB6__C__A,train,other,-9.46692180633545,,-9.854303202344878,,
2XQW__C__AB,train,other,-9.2014741897583,,-8.204408910175527,,
2Y8S__B__A,train,other,-12.28477668762207,,-10.086656801244732,,
2Z34__CD__AB,train,other,-8.254526138305664,,-5.455340684969562,,
2ZXX__AB__C,train,other,-11.400394439697266,,-12.412130769258162,,
3B08__A__B,train,other,-6.499916076660156,,-7.387975575850134,,
3BLH__B__A,train,other,-8.898818016052246,,-8.377789404069475,,
3CX6__B__A,train,other,-7.256100654602051,,-8.586927998856002,,
3D5S__AB__CD,train,other,-10.34784984588623,,-12.209822565783409,,
3DI3__B__A,train,other,-10.47438907623291,,-10.682658788366789,,
3FFC__DE__AC,train,tcr_pmhc,-6.890279769897461,,-7.374843990479761,,
3G3B__B__A,train,other,-10.188907623291016,,-9.382080916936587,,
3GJ3__B__A,train,other,-5.879637241363525,,-5.9843889142622455,,
3HCT__B__A,train,other,-7.953203201293945,,-8.972696806267617,,
3K6G__D__A,train,other,-10.617274284362791,,-8.677444910389477,,
3L9J__C__T,train,other,-12.917401313781738,,-9.789486158785897,,
3MA2__C__D,train,other,-7.933517456054687,,-10.328226620530822,,
3NOC__DE__ABC,train,other,-12.037991523742676,,-12.098201149111807,,
3O6B__B__A,train,other,-9.064022064208984,,-9.966176349056035,,
3QIW__CD__ABE,train,tcr_pmhc,-4.503420352935791,,-6.183469639805283,,
3QUY__A__CD,train,tcr_pmhc,-9.17887020111084,,-8.911624935966962,,
3RBB__B__A,train,other,-10.7913236618042,,-10.06627732106621,,
3RO2__B__A,train,other,-10.009810447692873,,-9.378694674590623,,
3SGK__C__AB,train,other,-11.647397994995115,,-8.823302883970563,,
3SRI__B__A,train,other,-9.253026962280272,,-10.334241386632348,,
3TEI__B__A,train,other,-8.596160888671875,,-8.749214019812023,,
3TNF__A__B,train,other,-15.00671672821045,,-12.600145914231172,,
3UEZ__AD__EF,train,other,-15.828075408935549,,-9.54219993758904,,
3VFN__B__AC,train,tcr_pmhc,-5.0829691886901855,,-5.2298486268669855,,
3VFW__B__AC,train,tcr_pmhc,-5.93671178817749,,-6.569120605806476,,
3VXR__AC__DE,train,tcr_pmhc,-6.839281558990479,,-7.239980492478766,,
3W8I__B__A,train,other,-11.824694633483888,,-9.381390177399437,,
3WO3__A__B,train,other,-9.76957893371582,,-9.592918672909896,,
3ZU7__B__A,train,other,-11.160162925720217,,-9.453406945880422,,
4AOQ__D__A,train,other,-9.13374137878418,,-9.410487075508849,,
4AYD__D__A,train,other,-8.303061485290527,,-9.980563694950444,,
4BSR__CD__AB,train,other,-11.867544174194336,,-10.921142814401598,,
4D2G__DE__ABC,train,other,-7.169015884399414,,-9.518832006005923,,
4DOH__BR__A,train,other,-8.407913208007812,,-10.722297192076644,,
4DXA__B__A,train,other,-7.8372273445129395,,-7.975718524767391,,
4ETP__B__A,train,other,-8.774561882019043,,-10.67226381700048,,
4F6R__C__AB,train,other,-12.278223037719728,,-10.921958378257296,,
4GLA__D__A,train,other,-6.073935031890869,,-9.91683460674753,,
4HDO__B__A,train,other,-8.79079532623291,,-8.669477625112476,,
4IC7__B__A,train,other,-8.685522079467773,,-9.020446597150615,,
4ILW__A__D,train,other,-11.236719131469728,,-11.385579457221144,,
4J32__B__A,train,other,-12.131961822509766,,-9.760817459369783,,
4JMF__BC__A,train,other,-8.902780532836914,,-6.831190351033201,,
4KA2__R__A,train,other,-15.110018730163574,,-10.965537825442794,,
4LGP__B__A,train,other,-13.1489839553833,,-11.939365162395733,,
4LYL__B__A,train,other,-10.243637084960938,,-11.202324862532112,,
4MHH__HL__E,train,antibody_antigen,-12.34064769744873,,-11.433563158530289,,
4O1Q__CDEF__AB,train,other,-7.104464054107666,,-6.771401354510953,,
4P2R__DE__ABC,train,tcr_pmhc,-8.185482025146484,,-7.600304144881724,,
4PBW__E__B,train,other,-8.538615226745605,,-9.372149090027769,,
4PJF__AB__GH,train,tcr_pmhc,-6.072258949279785,,-7.142541889300949,,
4PS4__A__HL,train,other,-15.339764595031738,,-14.245510656629854,,
4QD2__ABE__CD,train,other,-7.59699535369873,,-9.227112972923466,,
4R8W__HL__AB,train,antibody_antigen,-13.284421920776367,,-13.227455008627379,,
4S0S__D__A,train,other,-10.836343765258787,,-10.573818613430426,,
4U32__X__A,train,other,-8.760322570800781,,-9.007663266074319,,
4UI0__C__AB,train,other,-9.625468254089355,,-10.57692227811902,,
4XL5__C__A,train,other,-12.07886791229248,,-13.994628856283912,,
4Y5O__B__A,train,other,-7.9861273765563965,,-9.152298251616093,,
4YN0__B__A,train,other,-9.646018981933594,,-9.857535868498896,,
4Z8L__C__AB,train,other,-9.235340118408203,,-9.280054836851265,,
4ZI3__CD__AB,train,other,-8.699462890625,,-11.50644338594551,,
4ZRP__C__A,train,other,-11.92996883392334,,-10.42962231806789,,
5AJK__BD__AC,train,other,-7.610310077667236,,-8.39487390951262,,
5B76__B__A,train,other,-7.143977642059326,,-7.458760144393285,,
5BW7__C__AB,train,other,-9.933762550354004,,-10.55966158165268,,
5C4V__B__A,train,other,-8.129012107849121,,-8.278378549449771,,
5CX3__FH__BD,train,other,-8.550562858581543,,-5.438073300789338,,
5D3F__C__AB,train,other,-6.949752807617188,,-8.700148114657585,,
5DC4__B__A,train,other,-10.171732902526855,,-11.812191146240055,,
5DMJ__E__D,train,antibody_antigen,-11.290131568908691,,-10.997570420216864,,
5EOF__CD__AB,train,other,-7.394514083862305,,-10.463982664354742,,
5F3X__B__A,train,other,-11.605976104736328,,-10.296594913164627,,
5FOA__E__AB,train,other,-7.114098072052002,,-7.924956357244479,,
5FVK__C__A,train,other,-7.8372273445129395,,-9.226359726554358,,
5HXB__C__A,train,other,-8.812585830688477,,-9.993224476243451,,
5INB__B__A,train,other,-9.42707633972168,,-9.080056622957407,,
5J56__B__A,train,antibody_antigen,-11.58907413482666,,-9.920404920711361,,
5JH5__AB__CD,train,other,-7.575448036193848,,-8.564041839326338,,
5L2K__AB__DE,train,tcr_pmhc,-8.102675437927246,,-11.060308603359505,,
1AHW__AB__C,train,other,-11.54734230041504,,-10.80261478347453,,
1CSE__E__I,train,other,-16.07688331604004,,-12.523652528336369,,
1DVF__AB__CD,train,other,-10.862910270690918,,-10.503008714704745,,
1EFN__A__B,train,other,-8.754354476928711,,-9.50563796046486,,
1GC1__G__C,train,other,-11.513493537902832,,-11.346696656978176,,
1GRN__A__B,train,other,-7.550856113433838,,-7.99812978299373,,
1JRH__HL__I,train,other,-10.700830459594728,,-12.776438053097024,,
1KAC__A__B,train,other,-8.914417266845703,,-10.251844297338366,,
1KTZ__A__B,train,other,-9.73129177093506,,-9.494551369446421,,
1MHP__HL__A,train,other,-10.86841869354248,,-9.802852299169746,,
1N8O__ABC__E,train,other,-15.54178237915039,,-15.697117203845604,,
1OGA__ABC__DE,train,tcr_pmhc,-7.205049991607666,,-6.895216579691815,,
1R0R__E__I,train,other,-14.1677885055542,,-13.10383005285212,,
1SBN__E__I,train,other,-14.000503540039062,,-13.523959233033993,,
2ABZ__B__E,train,other,-11.66231918334961,,-11.300981539075398,,
2BNQ__ABC__DE,train,tcr_pmhc,-7.1506829261779785,,-6.682354263552229,,
2DSQ__I__G,train,other,-12.794289588928224,,-12.027607051223777,,
2JEL__HL__P,train,other,-11.621461868286133,,-10.33753692537077,,
3BDY__HL__V,train,other,-8.894340515136719,,-13.13446722204037,,
3C60__CD__AB,train,tcr_pmhc,-6.709835052490234,,-7.523626734027235,,
3F1S__A__B,train,other,-11.832680702209473,,-9.554486874152426,,
3HG1__ABC__DE,train,tcr_pmhc,-6.251962184906006,,-8.715883650218828,,
3KUD__A__B,train,other,-7.867132663726807,,-7.907799303088353,,
3N85__A__HL,train,other,-12.41163730621338,,-13.229462189284908,,
3PWP__ABC__DE,train,tcr_pmhc,-5.254988193511963,,-7.194669070247415,,
3RF3__A__C,train,other,-14.000503540039062,,-12.691563119073015,,
3SE8__HL__G,train,other,-9.9832763671875,,-11.423906438743657,,
3SZK__AB__C,train,other,-10.060986518859863,,-10.35397924169488,,
3UII__A__P,train,other,-6.817803382873535,,-6.670375431809022,,
4B0M__A__BM,train,other,-7.658008575439453,,-11.108148588134569,,
4GXU__ABCDEF__MN,train,other,-11.191572189331056,,-9.736961074994579,,
4I77__HL__Z,train,other,-14.999167442321776,,-15.314020021674617,,
4JGH__ABC__D,train,other,-10.29664707183838,,-10.414773662127452,,
4KRO__A__B,train,other,-8.943717956542969,,-10.004916612409762,,
4MNQ__ABC__DE,train,tcr_pmhc,-11.861573219299316,,-11.065374994977166,,
4NM8__ABCDEF__HL,train,other,-11.926233291625977,,-11.942514722869857,,
4P23__CD__AB,train,tcr_pmhc,-7.120307445526123,,-8.790360357729327,,
5F4E__A__B,train,other,-9.69198989868164,,-9.667181488582992,,
3IU3__AB__K,train,antibody_antigen,-13.443115234375,,-12.325324791355722,,
2QR0__QR__P,train,antibody_antigen,-11.506378173828123,,-12.788055155007019,,
3L5W__AB__J,train,antibody_antigen,-14.007551193237305,,-12.453332858778179,,
3GGW__AB__E,train,antibody_antigen,-7.554656982421875,,-9.771187719452165,,
2OR9__IM__P,train,antibody_antigen,-8.596160888671875,,-9.216123584711802,,
3MXW__HL__A,train,antibody_antigen,-12.69899845123291,,-9.236862969624868,,
3O6M__HL__C,train,antibody_antigen,-9.898497581481934,,-8.354408721911597,,
3G5V__AB__C,train,antibody_antigen,-9.646018981933594,,-9.872395238928625,,
1WEJ__HL__F,train,antibody_antigen,-10.642958641052246,,-11.867493145153142,,
2X9A__D__C,train,other,-7.303977012634277,,-8.510974304118589,,
2NYZ__AB__D,train,other,-12.774020195007324,,-12.333365587732345,,
1T6B__X__Y,train,other,-13.193973541259766,,-10.508315461586971,,
1IB1__AB__E,train,other,-9.83396053314209,,-9.458905275445042,,
1QA9__A__B,train,other,-7.206890106201172,,-6.593652060270691,,
4M76__A__B,train,other,-8.654230117797852,,-9.724174543966328,,
1WQ1__R__G,train,other,-6.659614086151123,,-8.94192235277383,,
1I4D__D__AB,train,other,-7.5092997550964355,,-11.102625300812667,,
1F34__A__B,train,other,-14.283068656921388,,-13.130622751114496,,
3VXM__AC__DE,train,tcr_pmhc,-6.378833770751953,,-8.716109209108115,,
4GG6__ABC__DE,train,tcr_pmhc,-6.743602752685547,,-8.05968754920645,,
2F54__AC__DE,train,tcr_pmhc,-6.581003189086914,,-6.484681467805218,,
4PRI__AC__DE,train,tcr_pmhc,-5.498712539672852,,-6.47659351019933,,
6FE4__F__A,train,antibody_antigen,-10.938162803649902,,-11.166474239126531,,
4F9P__DD__B,train,antibody_antigen,-10.673744201660156,,-9.95213214139991,,
1G6V__K__A,train,antibody_antigen,-9.744362831115724,,-11.452078969013147,,
2VWE__CE__A,train,antibody_antigen,-13.564837455749512,,-13.967055091372487,,
5A2I__HH__P,train,antibody_antigen,-6.896974563598633,,-8.346107421859479,,
4F3F__AB__C,train,antibody_antigen,-12.472856521606444,,-11.821310790283691,,
5KOV__CC__A,train,antibody_antigen,-11.907363891601562,,-11.12231581264301,,
6BLI__DE__F,train,antibody_antigen,-12.665664672851562,,-13.717866731447284,,
4XI5__CD__AB,train,antibody_antigen,-12.700872421264648,,-10.374583498477966,,
4IOF__EF__B,train,antibody_antigen,-11.456864356994627,,-12.652159732649414,,
4AEI__HL__A,train,antibody_antigen,-12.41043186187744,,-10.855210673659228,,
5D1Q__AB__E,train,antibody_antigen,-14.85127067565918,,-13.613821298776172,,
2JIX__HL__E,train,antibody_antigen,-10.26306438446045,,-12.262632350820983,,
3HAE__HL__AC,train,tcr_pmhc,-10.009810447692873,,-11.36456667490467,,
5EOC__JM__Q,train,antibody_antigen,-10.257169723510742,,-10.584564887285744,,
2FX8__JN__R,train,antibody_antigen,-8.894881248474121,,-11.044326789420197,,
4I2X__CD__F,train,antibody_antigen,-8.077459335327148,,-11.415133347360763,,
1W72__IM__DF,train,tcr_pmhc,-10.714621543884276,,-10.216296363047617,,
5WI9__HL__A,train,antibody_antigen,-13.731830596923828,,-13.2536975135296,,
5GZO__CD__B,train,antibody_antigen,-9.258075714111328,,-10.65250579444802,,
4WHY__MN__B,train,antibody_antigen,-11.053638458251951,,-10.475855635964466,,
4WUU__DE__AC,train,tcr_pmhc,-10.749483108520508,,-8.734679532815704,,
6BCK__HL__G,train,antibody_antigen,-12.367583274841309,,-13.046134260067651,,
1I8I__AB__C,train,antibody_antigen,-10.446826934814451,,-8.798563156719599,,
5WUX__CD__G,train,antibody_antigen,-14.409517288208008,,-11.263650132078453,,
5GRJ__HL__A,train,antibody_antigen,-14.155041694641112,,-13.091352999485464,,
4JG0__HL__P,train,antibody_antigen,-9.22840976715088,,-7.395221602124247,,
5WT9__HL__G,train,antibody_antigen,-12.058076858520508,,-11.882827643182548,,
2H9G__HL__S,train,antibody_antigen,-11.324655532836914,,-13.191536287139561,,
4HJJ__H__A,train,antibody_antigen,-13.36400032043457,,-11.149779409363335,,
6EHG__C__AB,train,antibody_antigen,-13.123767852783203,,-9.979459997416223,,
5DFV__CD__A,train,antibody_antigen,-12.688902854919434,,-11.4234755775399,,
4WEN__B__A,train,antibody_antigen,-9.549729347229004,,-10.873867998069302,,
4I18__HL__C,train,antibody_antigen,-11.2575101852417,,-12.589343157620059,,
5HDQ__HL__A,train,antibody_antigen,-12.17020034790039,,-10.814776251001842,,
3ZKQ__D__A,train,antibody_antigen,-12.17020034790039,,-11.529972063262257,,
4LU5__IM__A,train,antibody_antigen,-13.889554977416992,,-10.019568658012128,,
5E2V__HL__P,train,antibody_antigen,-8.295166015625,,-9.475008288123146,,
4QYO__AB__Q,train,antibody_antigen,-11.216632843017578,,-10.678256082191899,,
4HIX__HL__A,train,antibody_antigen,-9.305560111999512,,-11.23739221450981,,
5T78__CD__E,train,antibody_antigen,-10.049768447875977,,-10.030123407988654,,
5DD0__HL__P,train,antibody_antigen,-9.655150413513184,,-10.19906912437786,,
1MPA__HL__P,train,antibody_antigen,-10.969853401184082,,-11.122155604420904,,
5A2K__HH__P,train,antibody_antigen,-8.658585548400879,,-7.821651415220387,,
5JQ6__HL__A,train,antibody_antigen,-12.417884826660156,,-9.923971583743235,,
3RVV__CD__A,train,antibody_antigen,-10.599586486816406,,-10.075366245237216,,
4M5Z__HL__A,train,antibody_antigen,-10.913975715637209,,-10.703754990327377,,
1NVU__Q__S,train,other,-7.426548004150391,,-7.9199958589018395,,
2VXT__HL__I,train,antibody_antigen,-12.651034355163574,,-13.772150789265037,,
6EY6__I__AB,train,other,-11.046185493469238,,-11.252605083437945,,
1FLE__E__I,train,other,-12.278223037719728,,-11.760921799651205,,
1PXV__A__C,train,other,-12.972131729125977,,-13.16319972474278,,
1AY7__A__B,train,other,-13.23179054260254,,-11.460438698263527,,
1AVA__C__A,train,other,-13.175320625305176,,-11.722190431252542,,
1BRS__D__A,train,other,-18.944011688232425,,-12.607108699890171,,
1D6R__I__A,train,other,-13.48702335357666,,-12.032838575283883,,
1G0V__B__A,train,other,-13.642470359802246,,-11.776284083482262,,
1HRT__I__HL,train,other,-15.720052719116213,,-12.272449107078923,,
1LQB__D__ABC,train,other,-10.243637084960938,,-6.92138041342335,,
1MHH__AB__E,train,other,-12.278223037719728,,-10.964171226600646,,
1OZS__B__A,train,other,-6.1508965492248535,,-5.56693532396827,,
1P9M__AC__B,train,other,-12.41043186187744,,-9.768104790277022,,
1Q68__B__A,train,other,-8.728370666503906,,-9.417940063668162,,
1RY7__A__B,train,other,-9.05624294281006,,-8.898025006448792,,
1V18__B__A,train,other,-10.913975715637209,,-10.460443994031777,,
1VYT__E__A,train,other,-10.503296852111816,,-8.594867690120132,,
1WRD__B__A,train,other,-4.622446537017822,,-6.6896103604706765,,
1XG2__B__A,train,other,-11.324655532836914,,-9.842050341184466,,
1Y6N__R__L,train,other,-10.325489044189451,,-9.83810014171083,,
2B7C__A__B,train,other,-8.728370666503906,,-9.485897839039806,,
2C1T__C__A,train,other,-11.867544174194336,,-10.815500757232913,,
2DSP__B__I,train,other,-7.534570693969727,,-7.960067653304012,,
2F5Z__N__GH,train,other,-12.425433158874512,,-12.100213449124855,,
2FYL__A__B,train,other,-7.575448036193848,,-8.205092326579912,,
2I5Y__QR__P,train,antibody_antigen,-11.689736366271973,,-11.834057118537723,,
2IOU__GH__ABCDEF,train,other,-7.448338985443115,,-8.878876419697203,,
2J8S__DE__ABC,train,other,-10.30394172668457,,-10.040957775788794,,
2K3U__B__A,train,other,-11.017277717590332,,-10.16091605283466,,
2KJ4__B__A,train,other,-9.804961204528809,,-10.622952293693235,,
2KWJ__B__A,train,other,-8.596160888671875,,-7.063925581966545,,
2LQC__B__A,train,other,-7.554656982421875,,-8.551969009540569,,
2LXP__BC__A,train,other,-10.123007774353027,,-12.375380817513646,,
2M5A__B__A,train,other,-9.984594345092772,,-8.629979119238968,,
2MFQ__B__A,train,other,-7.208676815032959,,-6.913233034434517,,
2N13__BC__AD,train,other,-7.515143394470215,,-5.806751286375534,,
2O98__AB__PQ,train,other,-12.374512672424316,,-10.281645431862128,,
2P1L__H__G,train,other,-7.691996097564697,,-8.411767395475529,,
2PMS__C__A,train,other,-10.89646339416504,,-9.152984968844772,,
2Q7N__B__A,train,other,-15.00671672821045,,-10.745572061378324,,
2QXV__B__A,train,other,-8.758761405944824,,-8.98654085050494,,
2V5Q__D__A,train,other,-9.752649307250977,,-9.349310857964742,,
2VOF__BD__AC,train,other,-12.489547729492188,,-10.468742962530756,,
2W80__H__G,train,other,-11.456864356994627,,-7.755733630888297,,
2WG3__A__C,train,other,-9.731340408325195,,-10.931271300391924,,
2WP3__O__T,train,other,-8.322151184082031,,-8.84298176808206,,
2XDF__CD__AB,train,other,-6.381648540496826,,-8.809210977658678,,
2Y9M__B__A,train,other,-11.867544174194336,,-11.838702483890367,,
2Z58__A__B,train,other,-10.635505676269531,,-11.953880572740498,,
3AA6__C__AB,train,other,-8.983602523803711,,-9.518372495356683,,
3BPL__C__AB,train,other,-8.530075073242188,,-9.599723942130328,,
3C9A__C__A,train,other,-11.068830490112305,,-10.853115274151984,,
3CX8__B__A,train,other,-8.824660301208496,,-9.06323031237024,,
3DVM__B__A,train,other,-11.411266326904297,,-11.806559945292252,,
3EAB__A__G,train,other,-6.713212490081787,,-8.45892133998342,,
3F4Y__DEF__ABC,train,other,-13.23179054260254,,-17.454929442769213,,
3FJU__B__A,train,other,-11.99975299835205,,-11.220780848533646,,
3GJ7__B__A,train,other,-7.364123344421387,,-5.3244649468177325,,
3H3G__B__A,train,other,-8.191436767578125,,-9.264277454720776,,
3HE7__A__CD,train,tcr_pmhc,-8.906770706176758,,-8.43844832824171,,
3JVF__AB__C,train,other,-8.91483211517334,,-8.17254591541095,,
3K9M__C__A,train,other,-11.867544174194336,,-11.852594498132031,,
3KW5__B__A,train,other,-8.751015663146973,,-6.709636299990837,,
3LB8__C__A,train,other,-5.703174591064453,,-8.583235832872887,,
3MCA__B__A,train,other,-8.74337100982666,,-7.761566018026739,,
3NPZ__A__BC,train,other,-7.505663394927978,,-10.00870715535297,,
3O6Q__BD__AC,train,other,-12.73830509185791,,-9.944865568002227,,
3ORV__AB__CDEF,train,other,-6.857895374298096,,-8.733242226686148,,
3RT0__C__A,train,other,-8.077459335327148,,-9.24572492528228,,
3S5L__G__ABC,train,tcr_pmhc,-7.197391033172607,,-9.413551817185255,,
3SJA__CD__AB,train,other,-10.599586486816406,,-9.512777901894838,,
3SYN__E__A,train,other,-8.488138198852539,,-9.006666942090142,,
3TQ7__PQ__AB,train,other,-7.945250034332275,,-9.142371214172668,,
3U43__B__A,train,other,-20.46370506286621,,-17.417718271158552,,
3UKW__C__B,train,other,-13.586000442504885,,-12.707550474149116,,
3UYO__D__A,train,other,-7.049734115600586,,-8.679108582305151,,
3V62__C__AB,train,other,-9.689391136169434,,-8.999612387136919,,
3VFP__B__AC,train,tcr_pmhc,-5.576738834381104,,-6.429823273692545,,
3VHX__BD__AC,train,other,-6.581003189086914,,-8.528276412026791,,
3VXU__AC__DE,train,tcr_pmhc,-7.907011985778809,,-6.9876860314778,,
3WA5__B__A,train,other,-10.301830291748049,,-11.63539655288825,,
3WQB__B__A,train,other,-11.92996883392334,,-9.75089676565593,,
3ZV0__CD__AB,train,other,-5.400518417358398,,-9.053664949387251,,
4AFQ__C__A,train,other,-11.759521484375,,-12.09751416822537,,
4BXL__C__AB,train,other,-9.03102684020996,,-7.995477659586927,,
4C7N__B__A,train,other,-12.278223037719728,,-11.264248162908547,,
4CMM__B__A,train,other,-8.3176908493042,,-9.918734199769107,,
4DID__B__A,train,other,-7.123891353607178,,-7.291713302291583,,
4DZV__B__A,train,other,-10.857505798339844,,-10.664715329441472,,
4EKC__B__A,train,other,-10.446826934814451,,-10.394575446838386,,
4EUK__B__A,train,other,-7.349493503570557,,-9.925342955117658,,
4FAO__CDEF__AB,train,other,-14.550439834594728,,-13.391151308346547,,
4G01__B__A,train,other,-7.460413455963135,,-8.845949763893284,,
4GEH__B__A,train,other,-10.820953369140623,,-8.69796041299837,,
4GMS__IM__C,train,antibody_antigen,-10.503296852111816,,-11.801022909404718,,
4H3P__B__A,train,other,-7.774802684783935,,-8.701552440017025,,
4IOP__B__A,train,other,-12.51550006866455,,-12.399053989889715,,
4J6G__CD__AB,train,other,-10.624500274658203,,-9.580183572012091,,
4JRA__D__A,train,other,-10.30394172668457,,-8.447254787827305,,
4KDI__C__A,train,other,-8.388401985168457,,-7.989107645832485,,
4LLO__A__B,train,other,-6.656742572784424,,-8.580820918860294,,
4M0W__B__A,train,other,-7.058512210845947,,-8.778945880835266,,
4MSM__B__A,train,other,-7.534570693969727,,-6.386339130057274,,
4ODX__X__BH,train,other,-11.850030899047852,,-11.352067308277448,,
4PC0__C__A,train,other,-9.139049530029297,,-9.626819325515132,,
4PJ9__AB__CD,train,tcr_pmhc,-7.6667799949646,,-8.76492776410254,,
4PJH__AB__EF,train,tcr_pmhc,-5.046308994293213,,-6.595396300989404,,
4PW9__B__A,train,other,-6.643427848815918,,-10.059135139536387,,
4QLP__B__A,train,other,-13.1489839553833,,-9.872951680558453,,
4RE1__D__A,train,other,-8.077459335327148,,-8.934899427577479,,
4THN__I__HL,train,other,-13.70489501953125,,-12.476412107859455,,
4U4C__B__A,train,other,-8.879390716552734,,-9.827331163807564,,
4X7S__L__H,train,other,-10.913975715637209,,-13.099484270038694,,
4XNM__C__HL,train,other,-11.046185493469238,,-11.948214146133191,,
4Z9V__CDEFGH__AB,train,other,-6.713212490081787,,-8.542941883548217,,
4ZKC__B__A,train,other,-13.175320625305176,,-11.874496914637202,,
4ZW2__B__A,train,other,-11.336625099182127,,-8.78023472513186,,
5AOQ__LM__AB,train,other,-11.442234992980955,,-10.425820947700887,,
5B78__B__A,train,other,-7.811462879180908,,-7.722638033972052,,
5C07__ABC__DE,train,tcr_pmhc,-6.999635219573975,,-8.394273379196575,,
5CZV__HL__A,train,antibody_antigen,-12.991559028625488,,-14.311760255318035,,
5D70__HL__A,train,antibody_antigen,-11.867544174194336,,-11.471520270263774,,
5DFW__H__A,train,other,-12.688902854919434,,-12.8254516725092,,
5E3E__B__A,train,other,-10.079434394836426,,-10.061881184624374,,
5EG3__B__A,train,other,-9.37192153930664,,-7.6461296975421185,,
5FQD__C__AB,train,other,-9.082579612731934,,-10.21682685614811,,
5FZT__B__A,train,other,-5.8918538093566895,,-6.904066824598191,,
5HK5__ABCD__EFGH,train,other,-9.32551097869873,,-8.869756492331117,,
5IFS__BD__AC,train,other,-13.23179054260254,,-8.563238752187386,,
5ITZ__ABF__D,train,other,-9.720176696777344,,-10.325164395150136,,
5JHL__HL__A,train,antibody_antigen,-11.689736366271973,,-12.115095550069201,,
5K22__B__A,train,other,-10.371088027954102,,-8.534179944404212,,
5KWY__CD__AB,train,other,-8.686901092529297,,-10.158665608162885,,
5L6Y__HL__C,train,antibody_antigen,-13.96521282196045,,-13.024598598320125,,
1CSO__E__I,val,other,-10.038557052612305,,-11.719915280539912,,
1GCQ__AB__C,val,other,-6.510580539703369,,-9.231644075981942,,
1YY9__CD__A,val,other,-12.112139701843262,,-11.154909831748459,,
2WPT__A__B,val,other,-10.668374061584473,,-12.184432398177023,,
3BE1__HL__A,val,other,-10.342643737792969,,-11.190226729177567,,
3Q3J__A__B,val,other,-7.029021739959717,,-7.323902463126241,,
3S9D__A__B,val,other,-10.908485412597656,,-10.485685983440163,,
3U82__A__B,val,other,-10.776342391967772,,-9.908956790896234,,
4KRP__A__B,val,other,-9.244793891906738,,-10.158078151794511,,
4NZW__A__B,val,other,-8.587118148803711,,-9.217691595514813,,
2P42__D__C,val,antibody_antigen,-10.595242500305176,,-13.084778680488741,,
3G5Y__AB__E,val,antibody_antigen,-9.293904304504396,,-10.712878474587118,,
1UUG__A__B,val,other,-17.85417938232422,,-9.931574968897285,,
1RV6__VW__X,val,other,-13.953917503356934,,-7.518212814841602,,
1K5D__AB__C,val,other,-12.86083698272705,,-9.73198982832006,,
4QOK__AC__DE,val,tcr_pmhc,-7.082088470458984,,-8.000800458503727,,
6B08__BC__A,val,antibody_antigen,-10.635505676269531,,-8.75020258669093,,
3P0G__B__A,val,antibody_antigen,-13.745772361755373,,-9.74305920680403,,
5KW9__HL__A,val,antibody_antigen,-10.488666534423828,,-11.451296129125579,,
5OTJ__HL__C,val,antibody_antigen,-13.328081130981444,,-13.182417988134388,,
4BKL__AB__EFG,val,antibody_antigen,-8.952528953552246,,-12.585580395352359,,
5CIN__HL__P,val,antibody_antigen,-10.56572151184082,,-9.78618976180059,,
2Y36__HL__P,val,antibody_antigen,-8.758761405944824,,-8.206877184545332,,
1XR0__B__A,val,other,-6.821235179901123,,-7.781001991356311,,
2AST__CD__AB,val,other,-7.032559394836426,,-14.937929616732287,,
2K5B__B__A,val,other,-7.364123344421387,,-10.543698199255822,,
2LNH__BC__A,val,other,-10.092617988586426,,-9.611496222384492,,
2MJW__BD__AC,val,other,-7.104464054107666,,-10.36381336422066,,
2P5T__B__A,val,other,-12.278223037719728,,-9.68143940716979,,
2VOH__B__A,val,other,-12.278223037719728,,-9.220775962238937,,
2W84__B__A,val,other,-9.761054039001465,,-7.435369886072323,,
2Y0B__G__AB,val,other,-11.216632843017578,,-9.105175613049699,,
3F5C__A__BC,val,other,-8.247906684875488,,-9.934980658826529,,
3HO5__H__B,val,other,-9.082579612731934,,-10.675036459741406,,
3P8M__CD__AB,val,other,-11.125300407409668,,-10.151437529438173,,
3REB__B__A,val,other,-9.573915481567385,,-9.444086816879476,,
3TJZ__BC__A,val,other,-8.185482025146484,,-9.747824113501183,,
3UKZ__C__B,val,other,-11.759521484375,,-10.962310229624308,,
4DCN__CD__AB,val,other,-7.478100776672363,,-10.174001356446063,,
4EN3__AB__CD,val,tcr_pmhc,-7.6425933837890625,,-6.830596433917539,,
4FQ0__C__B,val,other,-8.267992973327637,,-10.418601686453252,,
4HRL__A__C,val,other,-12.278223037719728,,-10.10312597553371,,
4OL0__B__A,val,other,-11.361315727233888,,-9.90534023512913,,
4PZ6__Q__A,val,other,-9.110142707824709,,-7.008579859412848,,
4XVP__D__A,val,other,-11.42795753479004,,-10.309238220012427,,
5FR2__B__A,val,other,-9.34615707397461,,-10.157362104410993,,
5H3J__B__A,val,other,-8.96124267578125,,-10.685388987546803,,
5IJ0__B__A,val,other,-6.960896968841553,,-10.115851659142052,,
5JTP__EFGH__ABCD,val,other,-5.999876499176025,,-7.892866845266096,,
1DAN__HL__TU,val,other,-16.433002471923828,,-9.892542422042451,,
1FFW__A__B,val,other,-8.073395729064941,,-10.25257909287016,,
1TM1__E__I,val,other,-15.952255249023438,,-16.1523818019408,,
2C0L__A__B,val,other,-9.716901779174805,,-10.726867232622064,,
2J12__A__B,val,other,-10.49801254272461,,-8.533739950505298,,
3Q8D__A__E,val,other,-9.847429275512695,,-9.459028103747128,,
3UIG__A__P,val,other,-7.252449989318848,,-6.432903357009301,,
3W2D__A__HL,val,other,-12.595647811889648,,-9.8120195768393,,
4HRN__A__D,val,other,-11.565020561218262,,-9.478409106540507,,
1DZB__AA__X,val,antibody_antigen,-8.57292366027832,,-13.6297748827371,,
2R0Z__HL__Q,val,antibody_antigen,-7.335301876068115,,-10.131035737266393,,
2R0L__HL__A,val,antibody_antigen,-10.68975830078125,,-12.328065448616414,,
4G6J__HL__A,val,antibody_antigen,-11.436477661132812,,-10.111901946265245,,
3A4S__B__C,val,other,-7.569525718688965,,-9.880473363555973,,
4FQI__HL__AB,val,antibody_antigen,-12.54139232635498,,-11.589706800765223,,
3L89__ABC__M,val,other,-8.926797866821289,,-9.438132204748808,,
1PVH__A__B,val,other,-9.584518432617188,,-10.686442528989247,,
2VXS__JN__D,val,antibody_antigen,-11.83863639831543,,-13.255664137273305,,
5XMH__HL__A,val,antibody_antigen,-5.178517818450928,,-10.995475543200287,,
5MES__HL__A,val,antibody_antigen,-8.824660301208496,,-10.825414351525534,,
5O0W__H__D,val,antibody_antigen,-13.822473526000977,,-8.726254513142674,,
6B5R__HL__A,val,antibody_antigen,-11.967329025268556,,-10.744627750450741,,
4JZJ__HL__C,val,antibody_antigen,-11.456864356994627,,-12.750530545233108,,
3IXT__HL__P,val,antibody_antigen,-9.028563499450684,,-10.023501757959599,,
5D72__MN__B,val,antibody_antigen,-15.30937385559082,,-10.695830232858558,,
6CDM__AB__C,val,antibody_antigen,-12.40674114227295,,-9.826663885725408,,
5TRU__HL__C,val,antibody_antigen,-10.8794527053833,,-12.883393731853008,,
5VPL__CD__A,val,antibody_antigen,-10.599586486816406,,-10.082927932722091,,
4F37__HL__A,val,antibody_antigen,-11.26818561553955,,-11.90487498548604,,
5TE7__HL__G,val,antibody_antigen,-11.66607666015625,,-11.003074238139309,,
6B5O__HL__A,val,antibody_antigen,-11.366379737854004,,-10.899502944850765,,
4ZFG__HL__A,val,antibody_antigen,-11.324655532836914,,-11.11550593432889,,
1NEZ__AB__GH,val,other,-6.821235179901123,,-8.520901250411766,,
2IFG__EF__AB,val,other,-12.34064769744873,,-9.533249374734227,,
2JJT__A__C,val,other,-8.077459335327148,,-9.991970741191668,,
2K05__BD__AC,val,other,-9.139049530029297,,-9.306200395933724,,
2K79__B__A,val,other,-4.330018043518066,,-11.341560927165993,,
2KT5__B__A,val,other,-6.211201190948486,,-9.99043654737701,,
2MLX__B__A,val,other,-7.364123344421387,,-7.971711128933506,,
2PTT__A__B,val,other,-7.364123344421387,,-8.575955044622702,,
2VDA__B__A,val,other,-7.534570693969727,,-7.842749338442797,,
2XPX__B__A,val,other,-9.309496879577637,,-8.252528830608558,,
2YQ7__B__A,val,other,-10.171732902526855,,-8.329239699543377,,
2ZVK__U__A,val,other,-8.728370666503906,,-9.251527617969368,,
3BH6__B__A,val,other,-9.580119132995604,,-11.294403773254523,,
3FF7__AB__CD,val,other,-5.046308994293213,,-10.707493416966877,,
3KPR__AC__DE,val,tcr_pmhc,-7.945250034332275,,-7.344409631831532,,
3M18__B__A,val,other,-13.294215202331545,,-10.332971322196398,,
3UL1__A__B,val,other,-11.689736366271973,,-9.541621706518669,,
3UZV__B__A,val,other,-12.778263092041016,,-10.59154207729252,,
3VEP__D__X,val,other,-6.803721904754639,,-7.631517215612368,,
3VFU__B__AC,val,tcr_pmhc,-5.046308994293213,,-6.14871622405762,,
4ALA__HL__C,val,antibody_antigen,-12.725563049316406,,-8.655784522661353,,
4DVG__B__A,val,other,-7.534570693969727,,-9.989229990807383,,
4JEH__B__A,val,other,-11.038825035095217,,-9.195579502326291,,
4PAS__B__A,val,other,-9.409984588623049,,-10.422326752600735,,
4PP8__CD__AB,val,other,-8.612987518310547,,-12.997755704931812,,
4Q5U__C__A,val,other,-16.37096405029297,,-9.11191101344227,,
5BRM__GLM__AF,val,other,-9.446664810180664,,-10.67375931484249,,
5FUG__C__AB,val,other,-11.400394439697266,,-9.666739544570524,,
5LI1__B__A,val,other,-8.632822036743164,,-9.658072649707778,,
1CHO__EFG__I,val,other,-15.173182487487791,,-12.609219158751513,,
1FSS__A__B,val,other,-12.86082935333252,,-10.933969376421146,,
1KNE__A__P,val,other,-6.5035719871521,,-8.914525754132063,,
1MQ8__A__B,val,other,-7.53078031539917,,-10.688703525495537,,
1NMB__N__HL,val,other,-10.01124668121338,,-11.044468725269066,,
1SBB__A__B,val,other,-5.254988193511963,,-7.8725292609006114,,
2FTL__E__I,val,other,-17.95417594909668,,-8.674552784823513,,
2J1K__C__T,val,other,-12.215604782104492,,-12.188615558345562,,
3BX1__A__C,val,other,-11.381351470947266,,-11.584854448640126,,
3QDG__ABC__DE,val,tcr_pmhc,-6.848178386688232,,-9.060530291308805,,
3WWN__A__B,val,other,-7.891512393951416,,-7.549466782228996,,
4RS1__A__B,val,other,-10.39251708984375,,-7.732310603582194,,
3EOB__HL__I,val,antibody_antigen,-11.811074256896973,,-13.107538269949368,,
1QFU__HL__A,val,antibody_antigen,-11.510316848754885,,-11.451670735425468,,
2UUY__A__B,val,other,-11.333025932312012,,-11.418181851626915,,
3H2V__A__E,val,other,-6.305598258972168,,-8.68592847376682,,
3UTT__AC__DE,val,tcr_pmhc,-4.86850118637085,,-8.892284834847542,,
3TPU__AC__DE,val,tcr_pmhc,-5.8918538093566895,,-9.31881389944796,,
3O4L__AC__DE,val,tcr_pmhc,-6.781148433685303,,-6.67724120585061,,
5Y7Z__D__B,val,antibody_antigen,-10.658151626586914,,-10.649864796253958,,
2R56__IM__B,val,antibody_antigen,-12.12277603149414,,-10.617423159221834,,
4M1G__HL__AB,val,antibody_antigen,-10.697930335998535,,-11.33953983814947,,
1F90__HL__E,val,antibody_antigen,-10.810911178588867,,-10.017008540960218,,
6CMG__BC__A,val,antibody_antigen,-10.316776275634766,,-11.89735707852796,,
5MY6__B__A,val,antibody_antigen,-11.45834732055664,,-9.700317425685009,,
4X7D__C__B,val,antibody_antigen,-11.535980224609377,,-8.678638764627854,,
4N9G__MN__Z,val,antibody_antigen,-12.94231414794922,,-12.508375775838639,,
5CIL__HL__P,val,antibody_antigen,-10.077987670898438,,-9.815503566180396,,
1S78__CD__A,val,other,-8.596160888671875,,-11.476944542347802,,
1Z0K__A__B,val,other,-6.976089954376221,,-9.808129285753044,,
3K75__D__B,val,other,-9.49325942993164,,-6.695639959349109,,
1CMX__BD__AC,val,other,-7.871092796325684,,-10.250151549892545,,
1M5N__Q__S,val,other,-11.83863639831543,,-11.640721652355515,,
1SQ0__A__B,val,other,-10.26306438446045,,-13.510036245047191,,
2GWW__B__A,val,other,-13.586000442504885,,-10.473103764766607,,
2K2U__B__A,val,other,-8.79079532623291,,-9.642938208067305,,
2KVQ__G__E,val,other,-5.867667198181152,,-6.682491503001543,,
2LD7__B__A,val,other,-10.96337890625,,-7.280052436196488,,
2MCN__B__A,val,other,-7.805193424224853,,-3.504902342316668,,
2PX9__B__A,val,other,-5.536780834197998,,-7.797176685014625,,
2QJB__AB__CD,val,other,-11.336625099182127,,-11.70174392396845,,
2WX0__C__AB,val,other,-6.953444480895996,,-5.064008533818512,,
3E2K__D__A,val,other,-13.862319946289062,,-11.547782030574318,,
3EOY__GHI__ABC,val,other,-11.66818904876709,,-12.103759955745403,,
3IXS__B__A,val,other,-9.612154006958008,,-7.448992798212658,,
3KUC__B__A,val,other,-8.66921329498291,,-8.414195565635058,,
3OIQ__B__A,val,other,-7.394514083862305,,-8.810124514920936,,
3ONW__C__A,val,other,-11.78473663330078,,-9.88331599730506,,
3OXU__F__B,val,other,-6.096166610717773,,-11.490081381278774,,
3QBT__A__B,val,other,-8.247906684875488,,-11.520987798802143,,
4CJ1__B__A,val,other,-9.984594345092772,,-13.291459248535192,,
4DH2__B__A,val,other,-10.213820457458496,,-9.101718937145774,,
4EI5__AB__CD,val,tcr_pmhc,-6.486295223236084,,-9.66047677812231,,
4G8G__DE__AC,val,tcr_pmhc,-7.28389835357666,,-8.36762449322682,,
4H2S__CD__AB,val,other,-6.367706775665283,,-10.081804167065206,,
4HKX__AB__E,val,antibody_antigen,-8.79079532623291,,-9.837958690124834,,
4KR0__B__A,val,other,-10.610136032104492,,-9.346749993050741,,
4OVN__F__A,val,other,-10.009810447692873,,-11.744365656794615,,
4PJ7__AB__GH,val,tcr_pmhc,-7.59699535369873,,-7.085889396737899,,
5EE4__CD__A,val,other,-7.114098072052002,,-10.363906314956518,,
5HHM__IJ__FG,val,tcr_pmhc,-5.046308994293213,,-9.369352602578862,,
5JTL__E__ABCD,val,other,-8.596160888671875,,-10.810145432996611,,
5JW9__B__A,val,other,-9.639089584350586,,-10.248136769285924,,
1B41__A__B,val,other,-13.672248840332031,,-12.60041156342472,,
1FC2__C__D,val,other,-10.668374061584473,,-8.427530650085615,,
1YQV__HL__Y,val,other,-14.80029010772705,,-14.289336636982423,,
2B0U__AB__C,val,other,-14.58869457244873,,-11.583757413333759,,
2I26__N__L,val,other,-10.938860893249512,,-9.51647386041757,,
3M62__A__B,val,other,-9.756142616271973,,-11.175790171566506,,
1VFB__AB__C,val,other,-11.464473724365234,,-10.823860994848616,,
1SY6__HL__A,val,antibody_antigen,-7.590448379516602,,-14.195311398572649,,
3NFP__HL__I,val,antibody_antigen,-13.053983688354492,,-11.464374969922265,,
3H3P__IM__T,val,antibody_antigen,-10.714621543884276,,-8.799627799391128,,
1HH9__AB__C,val,antibody_antigen,-6.340785980224609,,-9.596722698671579,,
1FSK__BC__A,val,antibody_antigen,-13.21180248260498,,-10.764399893546186,,
1E4K__AB__C,val,other,-7.923892498016357,,-7.798551838496502,,
1B6C__A__B,val,other,-8.999662399291992,,-8.634263182164577,,
1US7__A__B,val,other,-8.131789207458496,,-10.604460420100512,,
4YPG__HL__D,val,antibody_antigen,-14.128889083862305,,-9.76747643621323,,
4YHP__HL__P,val,antibody_antigen,-11.867544174194336,,-11.45697265201203,,
6II8__JK__E,val,antibody_antigen,-8.749479293823242,,-9.524468218278974,,
3UYR__HL__P,val,antibody_antigen,-9.40811538696289,,-10.146018039559344,,
3IET__CD__Q,val,antibody_antigen,-9.350374221801758,,-8.750851261948547,,
5MZV__D__A,val,antibody_antigen,-10.155041694641112,,-11.361834315721605,,
5CBA__AB__E,val,other,-12.86410903930664,,-9.709743056739573,,
6CWG__B__A,val,other,-13.642470359802246,,-12.565587431077581,,
1HIA__AB__I,val,other,-10.758529663085938,,-11.597498666351376,,
1L2W__EF__K,val,other,-12.991559028625488,,-9.188820609423033,,
1SYQ__B__A,val,other,-10.685713768005373,,-11.2266262696161,,
1YX5__B__A,val,other,-4.714745044708252,,-4.901431074937216,,
2H62__AB__CD,val,other,-7.59699535369873,,-12.726336183315105,,
2WY3__B__A,val,tcr_pmhc,-9.795915603637695,,-6.583618719220348,,
2XZD__G__AB,val,other,-10.938162803649902,,-8.711838912406996,,
3D7U__A__B,val,other,-6.170323848724365,,-10.137261148264189,,
3G7Z__CD__AB,val,other,-14.59603786468506,,-8.368146704289705,,
3RDZ__C__A,val,other,-11.691934585571287,,-13.781422447819898,,
4AYI__D__AE,val,other,-11.867544174194336,,-9.155661040962656,,
4DRX__F__AB,val,other,-9.290069580078123,,-10.875267071734383,,
4HEM__EFG__ABC,val,other,-10.913975715637209,,-12.461579876960386,,
4IHH__GHL__ABC,val,other,-9.862343788146973,,-10.40506306152881,,
4P46__CD__AB,val,tcr_pmhc,-6.132085800170898,,-7.892931579719384,,
4UU9__C__AB,val,other,-14.80736255645752,,-11.973005215722093,,
5F5S__B__A,val,other,-10.446826934814451,,-10.662876884807119,,
5GZN__CD__BG,val,other,-7.187414169311523,,-11.035850704927576,,
5JTN__EF__ABCD,val,other,-6.953444480895996,,-8.542300513923943,,
1BD2__ABC__DE,test,tcr_pmhc,-7.89567756652832,,-7.589463327528023,,
1EMV__A__B,test,other,-18.735225677490234,,-12.013433318528616,,
1FCC__A__C,test,other,-9.026483535766602,,-10.56426556729058,,
2BTF__A__P,test,other,-7.688126087188721,,-9.62371976024831,,
2DVW__A__B,test,other,-9.779436111450195,,-14.620061407038918,,
3BP8__A__C,test,other,-11.430728912353516,,-10.401060115857312,,
3EG5__A__B,test,other,-7.914167404174805,,-11.509026980353747,,
3HH2__AB__C,test,other,-11.182096481323242,,-12.189049368942323,,
4HFK__A__BD,test,other,-13.049612998962402,,-9.611609224052053,,
5XCO__A__B,test,other,-10.977495193481444,,-8.192371112897208,,
3T2N__HL__A,test,antibody_antigen,-10.501916885375977,,-9.887015272011523,,
1TET__HL__P,test,antibody_antigen,-8.240230560302734,,-10.674035085888836,,
1NBY__AB__C,test,antibody_antigen,-5.513517379760742,,-13.120038577657096,,
2XRA__HL__A,test,antibody_antigen,-11.570841789245604,,-13.35513188050341,,
3MJ9__HL__A,test,antibody_antigen,-11.06960105895996,,-11.37826867550456,,
1A2K__C__AB,test,other,-9.37194538116455,,-8.613205052727071,,
2PTC__E__I,test,other,-18.15886688232422,,-9.225955858106873,,
4IZ7__A__B,test,other,-9.438971519470217,,-8.455354150990727,,
4Z7V__ABC__DE,test,tcr_pmhc,-7.032559394836426,,-10.43497818864596,,
5M2M__J__I,test,antibody_antigen,-12.037991523742676,,-10.56632206504644,,
4KXZ__PQ__D,test,antibody_antigen,-11.627311706542969,,-9.986127555215182,,
5NH3__IM__B,test,antibody_antigen,-12.294440269470217,,-10.860350919052692,,
5BO1__IM__A,test,antibody_antigen,-12.417884826660156,,-8.851359980329082,,
5DMI__HL__A,test,antibody_antigen,-12.334100723266602,,-11.767050838188819,,
3EO1__GH__I,test,antibody_antigen,-13.099581718444824,,-13.478014419879013,,
5N88__A__D,test,antibody_antigen,-8.17782974243164,,-9.234179428541163,,
3LH2__KO__V,test,antibody_antigen,-11.2575101852417,,-9.366275417117462,,
5F3B__EF__D,test,antibody_antigen,-15.720052719116213,,-14.22492461166046,,
4U6V__HL__A,test,antibody_antigen,-15.00671672821045,,-11.651881828159349,,
4RDQ__FG__E,test,antibody_antigen,-10.673744201660156,,-12.584627551817462,,
4EIZ__C__B,test,antibody_antigen,-11.627311706542969,,-12.360500985550562,,
5E8D__HL__A,test,antibody_antigen,-11.169208526611328,,-11.152488041038664,,
6BKB__HL__E,test,antibody_antigen,-12.037991523742676,,-10.712298466445025,,
4JLR__HL__S,test,antibody_antigen,-14.357784271240234,,-13.842358095555163,,
6CBP__AA__P,test,antibody_antigen,-7.032559394836426,,-10.736702460294978,,
6B5T__HL__A,test,antibody_antigen,-11.80838680267334,,-11.487470318253738,,
1KXQ__H__A,test,antibody_antigen,-11.535980224609377,,-9.577716409786209,,
3PC8__A__C,test,other,-9.537996292114258,,-10.111010114884058,,
1DIT__P__HL,test,other,-16.37096405029297,,-11.678909571740038,,
1G9I__I__E,test,other,-9.441706657409668,,-8.3029333603776,,
1OEY__L__C,test,other,-11.456864356994627,,-8.08306672805149,,
1QTY__XY__VW,test,other,-15.00671672821045,,-10.247638234489678,,
1SB0__B__A,test,other,-6.581003189086914,,-8.735054277145517,,
1X1U__D__A,test,other,-10.749483108520508,,-13.004741391395855,,
1YYM__HL__G,test,antibody_antigen,-6.852874279022217,,-12.069770849890176,,
2CJS__C__AB,test,other,-9.549729347229004,,-9.95455659480291,,
2DX5__B__A,test,other,-4.749607086181641,,-7.9204848456706385,,
2F9Z__A__C,test,other,-8.247906684875488,,-11.651535012155422,,
2HD5__B__A,test,other,-7.575448036193848,,-10.350439936589643,,
2IXQ__B__A,test,other,-8.396806716918945,,-9.631691661884503,,
2KBW__B__A,test,other,-8.860579490661621,,-9.56885051096478,,
2KWU__A__B,test,other,-5.8559346199035645,,-5.397793073263476,,
2M86__A__B,test,other,-11.71209716796875,,-10.48414638844996,,
2POP__B__A,test,other,-7.335216045379639,,-10.941063692514742,,
2V8S__E__V,test,other,-6.354085922241211,,-11.182371961021296,,
2XHE__B__A,test,other,-11.471864700317385,,-8.924029989863627,,
2YGG__B__A,test,other,-10.503296852111816,,-9.538946295757821,,
3BEG__B__A,test,other,-9.960408210754396,,-7.660739106952297,,
3EGG__C__A,test,other,-10.99648666381836,,-9.058061984365294,,
3K1R__B__A,test,other,-12.278223037719728,,-11.562560015617592,,
3KJ0__B__A,test,other,-11.867544174194336,,-9.725273037052586,,
3OL2__B__A,test,other,-7.175444602966309,,-11.015463606222841,,
3OUN__B__A,test,other,-9.872471809387209,,-10.354473922258371,,
3Q4F__GH__AB,test,other,-7.349493503570557,,-10.825051499586944,,
3RUG__A__EF,test,tcr_pmhc,-7.307653903961182,,-10.420126969130024,,
3U9D__B__A,test,other,-8.596160888671875,,-8.03022204864261,,
4C9B__B__A,test,other,-10.295537948608398,,-10.314306727952207,,
4F0A__B__A,test,other,-7.6667799949646,,-8.661790854746203,,
4G3Y__C__HL,test,other,-10.99648666381836,,-12.432343147807899,,
4K5A__B__A,test,other,-10.89646339416504,,-10.417909908945417,,
4LQF__HL__A,test,antibody_antigen,-13.902277946472168,,-9.620893451143656,,
4PER__A__B,test,other,-20.46370506286621,,-12.088428128752325,,
4PJB__AB__EF,test,tcr_pmhc,-6.877112865447998,,-8.112621897585749,,
4U97__B__A,test,other,-7.6425933837890625,,-9.670090247983877,,
4XHU__C__D,test,other,-10.34784984588623,,-9.601148287527865,,
4ZPT__R__AB,test,other,-10.91813850402832,,-13.705669058250402,,
5C09__ABC__DE,test,tcr_pmhc,-4.635629653930664,,-8.586579044650373,,
5JDO__DE__A,test,other,-11.627311706542969,,-9.193543328331682,,
5KY0__B__A,test,other,-7.076467514038086,,-10.886393853785266,,
5LGK__E__AB,test,other,-8.077459335327148,,-8.57859513384642,,
1F47__A__B,test,other,-6.36175537109375,,-9.30796316170461,,
1GL0__E__I,test,other,-11.861573219299316,,-10.234001554543816,,
1IAR__A__B,test,other,-13.349920272827148,,-11.13693503327138,,
1MLC__AB__E,test,other,-11.394659042358398,,-10.286789316073431,,
1PPF__E__I,test,other,-13.16355800628662,,-11.733773247532012,,
1XD3__A__B,test,other,-9.10326862335205,,-9.796264003754866,,
2OI9__AQ__BC,test,tcr_pmhc,-7.90303373336792,,-8.688095817492545,,
3BIW__A__E,test,other,-9.402509689331056,,-9.593301610110231,,
3BT1__A__U,test,other,-12.327895164489746,,-11.091872141840295,,
3H9S__ABC__DE,test,tcr_pmhc,-7.34579610824585,,-7.417846703882676,,
3MZG__A__B,test,other,-6.5035719871521,,-9.54634120596958,,
3SE3__B__A,test,other,-10.257901191711426,,-9.115065041467982,,
3SEK__B__C,test,other,-12.116677284240724,,-11.49877749805753,,
4GNK__A__B,test,other,-9.078010559082031,,-10.653076659187711,,
3Q3G__JK__L,test,antibody_antigen,-11.328221321105955,,-11.137889476073147,,
3BGF__HL__S,test,antibody_antigen,-10.34784984588623,,-13.008671715754804,,
3SDY__HL__AB,test,antibody_antigen,-12.484129905700684,,-12.046536567171191,,
1DFJ__E__I,test,other,-18.16889190673828,,-12.869089865087432,,
1NW9__B__A,test,other,-11.26370906829834,,-7.807499222817803,,
1EWY__A__C,test,other,-7.476365566253662,,-10.267677179847492,,
2FJU__B__A,test,other,-7.245671272277832,,-9.363412457671444,,
4Z7W__ABC__DE,test,tcr_pmhc,-7.7458953857421875,,-11.228537587725498,,
5ZIA__GL__R,test,antibody_antigen,-8.898818016052246,,-10.081929775808986,,
5MI0__BC__A,test,antibody_antigen,-8.713740348815918,,-11.37199639832395,,
4KHX__HL__A,test,antibody_antigen,-11.42795753479004,,-11.39842042240656,,
4N8C__HL__X,test,antibody_antigen,-12.821111679077148,,-10.454489848878703,,
4M8Q__AB__S,test,antibody_antigen,-11.46281909942627,,-12.982764500658805,,
5BOZ__I__C,test,antibody_antigen,-12.489547729492188,,-9.009788081927681,,
5TFW__HL__O,test,antibody_antigen,-14.713617324829102,,-11.230813827276924,,
6E63__HL__P,test,antibody_antigen,-11.503055572509766,,-10.423503401810933,,
1NL0__HL__G,test,antibody_antigen,-11.99975299835205,,-13.311508042880074,,
5ZXV__CD__B,test,antibody_antigen,-9.876571655273438,,-10.748569934702356,,
5CZX__HL__A,test,antibody_antigen,-12.58087921142578,,-12.363359581423673,,
5C0N__CD__B,test,antibody_antigen,-7.345173835754394,,-9.652766963121833,,
5UTZ__FG__E,test,antibody_antigen,-11.904519081115724,,-10.231355118282636,,
5I8C__AB__C,test,antibody_antigen,-10.371088027954102,,-8.069521295806505,,
1NMA__HL__N,test,antibody_antigen,-10.714621543884276,,-11.235217140497058,,
6AXL__CD__G,test,antibody_antigen,-9.696938514709473,,-11.035786606386164,,
5E8E__AB__H,test,antibody_antigen,-11.92996883392334,,-8.786882587835736,,
5FHX__H__A,test,antibody_antigen,-14.898694038391112,,-11.351429744932592,,
5O14__HL__A,test,other,-14.626428604125977,,-10.703316773784117,,
1HCF__AB__X,test,other,-13.076343536376951,,-9.678807073023435,,
1FQJ__A__B,test,other,-9.787006378173828,,-10.781863031240547,,
5C7X__HL__A,test,antibody_antigen,-15.21804141998291,,-10.804015654963857,,
1GLA__G__F,test,other,-6.76476526260376,,-10.987872337359452,,
1CA0__D__ABC,test,other,-11.116896629333496,,-15.882733479428701,,
1LDT__L__T,test,other,-11.92996883392334,,-13.24290268398627,,
1P27__B__A,test,other,-12.489547729492188,,-9.471697827969171,,
2BQZ__B__A,test,other,-6.410555839538574,,-8.013708684156043,,
2FEW__B__A,test,other,-3.317573547363281,,-9.959846908885638,,
2HWN__E__AB,test,other,-11.867544174194336,,-10.385323594825481,,
2IY1__B__A,test,other,-8.327398300170898,,-10.3518447146595,,
2MAK__BD__AC,test,other,-4.786649227142334,,-10.901024652696378,,
2N8J__B__A,test,other,-10.873888969421388,,-7.2136615264574555,,
2X2D__D__C,test,other,-7.114098072052002,,-10.392310058992502,,
3AU4__B__A,test,other,-8.561637878417969,,-10.057428335491817,,
3DXE__B__A,test,other,-8.842348098754883,,-11.798263179737207,,
3QI2__C__A,test,other,-10.022832870483398,,-9.520772558451034,,
3RZC__CD__AB,test,tcr_pmhc,-8.381763458251953,,-9.131177133109329,,
3TL8__B__A,test,other,-7.443238735198975,,-10.073977593944067,,
4B93__B__A,test,other,-7.691996097564697,,-9.713115236313778,,
4DGE__C__A,test,other,-6.02252197265625,,-10.046943268844824,,
4FQY__HL__AB,test,antibody_antigen,-11.811074256896973,,-9.531662311766219,,
4K81__B__A,test,other,-7.426548004150391,,-9.714774785718731,,
4LRZ__FH__AB,test,other,-8.596160888671875,,-9.956038445846508,,
4OQT__HL__A,test,other,-14.053149223327637,,-10.309278950727785,,
4P2O__CD__ABP,test,tcr_pmhc,-8.185482025146484,,-8.003038080057513,,
4RT6__B__A,test,other,-10.749483108520508,,-8.766854016586425,,
4YK4__A__YZ,test,other,-8.784248352050781,,-11.030869507271822,,
4ZGY__B__A,test,other,-8.396806716918945,,-9.74468433155084,,
5CTR__C__A,test,other,-8.261221885681152,,-7.963802108337643,,
5EZO__A__HL,test,other,-12.278223037719728,,-11.506635970965798,,
5HPY__B__A,test,other,-9.394282341003418,,-9.16880905735905,,
5KSB__CD__EF,test,tcr_pmhc,-7.774802684783935,,-8.629824999216302,,
5KY5__B__A,test,other,-8.325143814086914,,-10.306667182329464,,
1EAW__A__B,test,other,-14.049643516540527,,-12.595335179252283,,
1F5R__A__I,test,other,-5.709346771240234,,-9.826286129022447,,
1GL1__A__I,test,other,-13.225133895874023,,-9.724703882631962,,
1K8R__A__B,test,other,-9.254559516906738,,-9.303787637833096,,
3B4V__AB__C,test,other,-13.436351776123049,,-12.597555555303698,,
4JFD__ABC__DE,test,tcr_pmhc,-6.059251308441162,,-9.633428119355717,,
5E9D__ABC__DE,test,tcr_pmhc,-9.358497619628906,,-9.650837558969204,,
3OGO__G__B,test,antibody_antigen,-12.565021514892578,,-10.080562237880153,,
1OB1__AB__C,test,antibody_antigen,-12.29981803894043,,-10.930742996266527,,
1HEZ__CD__E,test,antibody_antigen,-9.329583168029783,,-11.940114186930233,,
2VYR__E__A,test,antibody_antigen,-9.699533462524414,,-11.66280382465121,,
3EYU__HL__Q,test,antibody_antigen,-10.22094440460205,,-10.333441821873596,,
3EYF__AB__E,test,antibody_antigen,-9.55423641204834,,-9.010863392682475,,
3GHE__HL__P,test,antibody_antigen,-8.030035018920898,,-11.598189062297037,,
3RU8__HL__X,test,antibody_antigen,-10.19768524169922,,-12.0541078762761,,
2OZA__B__A,test,other,-11.81405544281006,,-9.722305331207483,,
1JIW__P__I,test,other,-15.653912544250488,,-12.46298464398428,,
5DRZ__HL__P,test,antibody_antigen,-11.400394439697266,,-9.911186914016158,,
6BIT__JL__G,test,antibody_antigen,-11.71209716796875,,-11.024088947505387,,
5KZP__FJ__C,test,antibody_antigen,-9.761054039001465,,-12.394378258850402,,
4LMQ__EI__F,test,antibody_antigen,-12.32569694519043,,-9.436382117716484,,
5TZ2__HL__C,test,antibody_antigen,-12.211077690124512,,-10.646175052095556,,
3LHP__HL__S,test,antibody_antigen,-15.177164077758787,,-14.486964243610865,,
2AEP__HL__A,test,antibody_antigen,-10.805953025817873,,-12.434595356504026,,
1FE8__HL__A,test,antibody_antigen,-7.774802684783935,,-10.224536224965027,,
2XQB__HL__A,test,antibody_antigen,-14.029911994934082,,-10.49344591553442,,
5KVF__HL__E,test,antibody_antigen,-10.22482681274414,,-12.027533580860378,,
5W1M__CD__T,test,antibody_antigen,-10.624500274658203,,-11.280229482783154,,
4I3R__HL__G,test,antibody_antigen,-10.810911178588867,,-11.608846086529027,,
5BK1__HL__A,test,antibody_antigen,-12.221753120422363,,-12.123311668769206,,
6F7T__AB__D,test,antibody_antigen,-12.883536338806152,,-9.050786662484061,,
5NGV__HL__A,test,antibody_antigen,-14.728246688842772,,-10.833138789708485,,
5Y11__AB__C,test,antibody_antigen,-10.350132942199709,,-11.502292190169465,,
2HRP__HL__P,test,antibody_antigen,-11.324655532836914,,-13.612674775899036,,
5BVP__HL__I,test,antibody_antigen,-14.346012115478516,,-11.344325043363511,,
3U7Y__HL__G,test,other,-9.271259307861328,,-10.984345878582998,,
1L0X__BD__AC,test,tcr_pmhc,-7.123891353607178,,-9.945621893277997,,
1LM8__H__BCV,test,other,-9.082579612731934,,-6.814640973340246,,
2FU5__C__B,test,other,-12.489547729492188,,-10.121231447579964,,
2K8C__B__A,test,other,-3.744486331939697,,-7.537518425332781,,
2VER__A__N,test,other,-6.661248207092285,,-9.999248846817116,,
3C4P__B__A,test,other,-11.400394439697266,,-12.353812647558852,,
3GXU__B__A,test,other,-9.130228996276855,,-9.380920437641505,,
3IA3__D__A,test,other,-9.59272575378418,,-10.64661762641794,,
3S2K__C__AB,test,other,-9.748491287231444,,-10.146782554361465,,
3TZ1__B__A,test,other,-9.34615707397461,,-7.8431735799599345,,
3ULA__D__A,test,other,-11.659785270690918,,-9.996102564131059,,
3V3K__B__A,test,other,-10.11219310760498,,-8.849654292104495,,
3ZEU__D__E,test,other,-8.918904304504395,,-7.7756760832014695,,
4A49__B__A,test,other,-5.970969200134277,,-8.865812655524604,,
4BJ5__CD__B,test,other,-6.170323848724365,,-9.072106630031847,,
4C4P__B__A,test,other,-9.006840705871582,,-9.060390775511323,,
4FTG__E__ABCD,test,other,-10.26306438446045,,-9.987018561123762,,
4JZW__M__G,test,other,-14.750892639160156,,-10.865300711281096,,
4MQW__X__AB,test,other,-13.011645317077637,,-10.652694422082435,,
4NIQ__C__A,test,other,-7.231914520263672,,-9.222411784125509,,
4W4O__C__AB,test,other,-11.42795753479004,,-9.548767816522945,,
4X33__A__B,test,other,-9.006840705871582,,-12.10692306483653,,
5GVI__BC__A,test,other,-7.718332767486572,,-7.479480279900683,,
1C1Y__A__B,test,other,-8.073395729064941,,-8.367436134112063,,
1UUZ__A__D,test,other,-12.272046089172363,,-9.176412686881962,,
2G2U__A__B,test,other,-8.108987808227539,,-12.580915394269123,,
2NYY__CD__A,test,other,-13.412837028503418,,-11.00441761277015,,
2PCB__A__B,test,other,-6.817803382873535,,-10.31795390461794,,
2VN5__A__B,test,other,-12.683859825134276,,-10.279130422054294,,
3BN9__B__CD,test,other,-14.87657642364502,,-12.45106029662885,,
3QDJ__ABC__DE,test,tcr_pmhc,-5.954030513763428,,-9.578537496205357,,
4FZA__A__B,test,other,-10.963034629821776,,-10.341495452329305,,
4U6H__AB__E,test,other,-13.697999954223633,,-12.022096283911612,,
4Y61__A__B,test,other,-8.792988777160645,,-10.654072368090931,,
5C6T__HL__A,test,other,-13.48023796081543,,-9.905000810969664,,
5UFE__A__B,test,other,-9.951854705810549,,-8.779492420278878,,
3NH7__KO__D,test,antibody_antigen,-10.503296852111816,,-12.050891102122664,,
1BVK__AB__C,test,antibody_antigen,-10.53493595123291,,-9.361912504227316,,
2NZ9__EF__B,test,antibody_antigen,-15.133018493652344,,-12.841569967332296,,
3PP4__HL__P,test,antibody_antigen,-7.032559394836426,,-8.804234646516964,,
2SNI__E__I,test,other,-16.067346572875977,,-15.264512160453588,,
1M27__AB__C,test,other,-7.448015213012695,,-9.059621107947915,,
2OOR__AB__C,test,other,-10.706849098205566,,-9.369796187287124,,
1KXP__A__D,test,other,-12.423429489135742,,-9.667880747859924,,
1H1V__A__G,test,other,-10.266733169555664,,-11.745851705303169,,
4CMH__BC__A,test,antibody_antigen,-13.23179054260254,,-12.49474833194478,,
3QWO__HL__P,test,antibody_antigen,-9.63223934173584,,-11.939394677975558,,
4KFZ__D__B,test,antibody_antigen,-9.586389541625977,,-10.098733724040923,,
5WTT__AB__C,test,antibody_antigen,-9.006840705871582,,-10.268846317661197,,
4R2G__MN__A,test,antibody_antigen,-10.188907623291016,,-10.356344346422159,,
4ZFO__HL__K,test,antibody_antigen,-14.567130088806152,,-12.509907618984595,,
6AOD__AB__C,test,antibody_antigen,-13.356639862060549,,-11.651226194726496,,
5GHW__HL__P,test,antibody_antigen,-10.938162803649902,,-10.678283261963298,,
4K2U__IM__B,test,antibody_antigen,-14.754752159118652,,-10.32820971736997,,
4O4Y__HL__A,test,antibody_antigen,-10.654316902160645,,-10.10363022847655,,
4QCI__HL__C,test,antibody_antigen,-14.396682739257812,,-8.796547236173843,,
5IVN__A__B,test,antibody_antigen,-12.07886791229248,,-9.143402231838323,,
4W6W__B__A,test,antibody_antigen,-11.524247169494627,,-11.59521374298608,,
5VPG__CD__A,test,antibody_antigen,-10.533687591552734,,-11.328469907902244,,
1EZS__AB__CD,test,other,-13.294215202331545,,-9.07774148983898,,
1J7V__L__R,test,other,-14.264473915100098,,-10.769663197382966,,
1O94__CDEF__AB,test,other,-7.231914520263672,,-8.640173960269584,,
1TBQ__R__HL,test,other,-17.32453155517578,,-11.705350815747789,,
1ZSG__B__A,test,other,-6.991682529449463,,-8.510802289007255,,
2ARP__F__A,test,other,-8.685522079467773,,-9.87294789802261,,
2JTI__B__A,test,other,-8.50010871887207,,-10.736827544242141,,
2KA4__B__A,test,other,-9.872471809387209,,-10.838402356587382,,
2L0T__B__A,test,other,-5.72140645980835,,-7.291893952318489,,
2LFW__B__A,test,other,-11.2575101852417,,-8.896045406380368,,
2MP0__B__A,test,other,-2.185605525970459,,-11.61378982447175,,
2OMW__B__A,test,other,-6.821235179901123,,-9.769888426110885,,
2RR3__B__A,test,other,-7.7458953857421875,,-7.633946964699369,,
6S29__B__A,test,other,-11.064995765686035,,-9.622995707180042,,
3IDC__B__A,test,other,-12.58087921142578,,-9.396683219897074,,
3OJM__B__A,test,other,-9.394282341003418,,-9.503166264938612,,
3P6Z__C__AB,test,other,-7.7898030281066895,,-11.344475018515748,,
3PNR__B__A,test,other,-10.810911178588867,,-8.891576696365536,,
3QC8__B__A,test,other,-6.75408935546875,,-8.492927971107997,,
3QML__C__A,test,other,-10.758529663085938,,-9.996017843114652,,
3QWQ__B__A,test,other,-11.867544174194336,,-9.55183698277885,,
3THM__HL__F,test,other,-12.900226593017578,,-13.123945728413231,,
3ZJY__C__AB,test,other,-7.534570693969727,,-9.66289650962636,,
4APX__B__A,test,other,-7.554656982421875,,-9.914259064294527,,
4BOH__M__HL,test,other,-9.897936820983888,,-10.96453610729857,,
4DBG__B__A,test,other,-8.57292366027832,,-10.395495625455032,,
4HMY__C__ABMS,test,other,-6.410555839538574,,-11.397077513253187,,
4K1R__B__A,test,other,-6.809502124786377,,-8.306667357065145,,
4KT3__A__B,test,other,-13.076343536376951,,-10.656025097479564,,
4MIT__E__A,test,other,-9.208094596862791,,-8.855032726770753,,
4NM3__B__A,test,other,-5.759644508361816,,-9.75556455714779,,
4OZH__ABC__DE,test,tcr_pmhc,-6.283105373382568,,-10.066387613259527,,
4W6Y__B__A,test,antibody_antigen,-12.007205963134766,,-10.818439142573137,,
4YDH__BD__AC,test,other,-7.630860805511475,,-8.371009714543195,,
4YPI__E__A,test,other,-10.521343231201172,,-9.035318124366375,,
5CFF__FH__AC,test,other,-8.145395278930664,,-11.534524046864526,,
5EQL__B__A,test,other,-9.778228759765623,,-9.942683955928539,,
5J7C__CD__AB,test,other,-13.205711364746094,,-10.847713282153801,,
